id,name,type,pref,guard,subguard,parent,path,group,status,lat,lon,modern,siteId,modernAddress,source,url,notes,warning
ZJ-MAP-0001,台州卫,卫,台州府,台州卫,,浙江都指挥使司,浙江都指挥使司 > 台州府 > 台州卫,府城卫,unlocated,,,,,,《浙江通志》卷九十八〈海防四·台州府〉；《明史》卷九十〈浙江都司〉,https://zh.wikisource.org/wiki/%E6%B5%99%E6%B1%9F%E9%80%9A%E5%BF%97_(%E5%9B%9B%E5%BA%AB%E5%85%A8%E6%9B%B8%E6%9C%AC)/%E5%8D%B7098,,
ZJ-MAP-0002,松门卫,卫,台州府,松门卫,,浙江都指挥使司,浙江都指挥使司 > 台州府 > 松门卫,沿海卫,confirmed,28.387747,121.525676,松门卫南城门,ZJ-TZ-WL-0003,松门镇南大街,《浙江通志》卷九十八〈海防四·台州府〉；《明史》卷九十〈浙江都司〉,https://zh.wikisource.org/wiki/%E6%B5%99%E6%B1%9F%E9%80%9A%E5%BF%97_(%E5%9B%9B%E5%BA%AB%E5%85%A8%E6%9B%B8%E6%9C%AC)/%E5%8D%B7098,本行巡司/烽堠仅为文献列于该防区，非正式隶属或实证传警线,
ZJ-MAP-0003,海门卫,卫,台州府,海门卫,,浙江都指挥使司,浙江都指挥使司 > 台州府 > 海门卫,沿海卫,confirmed,28.679834,121.446504,海门卫城址,ZJ-TZ-JJ-0001,海门街道东门岭,《浙江通志》卷九十八〈海防四·台州府〉；《明史》卷九十〈浙江都司〉,https://zh.wikisource.org/wiki/%E6%B5%99%E6%B1%9F%E9%80%9A%E5%BF%97_(%E5%9B%9B%E5%BA%AB%E5%85%A8%E6%9B%B8%E6%9C%AC)/%E5%8D%B7098,本行巡司/烽堠仅为文献列于该防区，非正式隶属或实证传警线,
ZJ-MAP-0004,海宁卫,卫,嘉兴府,海宁卫,,浙江都指挥使司,浙江都指挥使司 > 嘉兴府 > 海宁卫,沿海卫,unlocated,,,,,,《浙江通志》卷九十七〈海防三·嘉兴府〉；《明史》卷九十〈浙江都司〉,https://zh.wikisource.org/wiki/%E6%B5%99%E6%B1%9F%E9%80%9A%E5%BF%97_(%E5%9B%9B%E5%BA%AB%E5%85%A8%E6%9B%B8%E6%9C%AC)/%E5%8D%B7097,本行巡司/烽堠仅为文献列于该防区，非正式隶属或实证传警线,
ZJ-MAP-0005,处州卫,卫,处州府（省级参照）,处州卫,,浙江都指挥使司,浙江都指挥使司 > 处州府（省级参照） > 处州卫,内陆参照,unlocated,,,,,,《明史》卷九十〈兵志二·浙江都司〉；《明会典》卷一百八（对读）,https://zh.wikisource.org/zh-hans/%E6%98%8E%E5%8F%B2/%E5%8D%B790,不作海防沿海设施计数,
ZJ-MAP-0006,宁波卫,卫,宁波府,宁波卫,,浙江都指挥使司,浙江都指挥使司 > 宁波府 > 宁波卫,府城卫,unlocated,,,,,,《浙江通志》卷九十七〈海防三·宁波府〉；《明史》卷九十〈浙江都司〉,https://zh.wikisource.org/wiki/%E6%B5%99%E6%B1%9F%E9%80%9A%E5%BF%97_(%E5%9B%9B%E5%BA%AB%E5%85%A8%E6%9B%B8%E6%9C%AC)/%E5%8D%B7097,,
ZJ-MAP-0007,定海卫,卫,宁波府,定海卫,,浙江都指挥使司,浙江都指挥使司 > 宁波府 > 定海卫,沿海卫,unlocated,,,,,,《浙江通志》卷九十七〈海防三·宁波府〉；《明史》卷九十〈浙江都司〉,https://zh.wikisource.org/wiki/%E6%B5%99%E6%B1%9F%E9%80%9A%E5%BF%97_(%E5%9B%9B%E5%BA%AB%E5%85%A8%E6%9B%B8%E6%9C%AC)/%E5%8D%B7097,本行巡司/烽堠仅为文献列于该防区，非正式隶属或实证传警线,
ZJ-MAP-0008,昌国卫,卫,宁波府,昌国卫,,浙江都指挥使司,浙江都指挥使司 > 宁波府 > 昌国卫,沿海卫,unlocated,,,,,,《浙江通志》卷九十七〈海防三·宁波府〉；《明史》卷九十〈浙江都司〉,https://zh.wikisource.org/wiki/%E6%B5%99%E6%B1%9F%E9%80%9A%E5%BF%97_(%E5%9B%9B%E5%BA%AB%E5%85%A8%E6%9B%B8%E6%9C%AC)/%E5%8D%B7097,本行巡司/烽堠仅为文献列于该防区，非正式隶属或实证传警线,
ZJ-MAP-0009,观海卫,卫,宁波府,观海卫,,浙江都指挥使司,浙江都指挥使司 > 宁波府 > 观海卫,沿海卫,confirmed,30.172797,121.410715,观海卫城,ZJ-NB-CX-0002,观海卫镇,《浙江通志》卷九十八〈海防四·绍兴府临观段〉；《明史》卷九十〈浙江都司〉,https://zh.wikisource.org/wiki/%E6%B5%99%E6%B1%9F%E9%80%9A%E5%BF%97_(%E5%9B%9B%E5%BA%AB%E5%85%A8%E6%9B%B8%E6%9C%AC)/%E5%8D%B7098,本行巡司/烽堠仅为文献列于该防区，非正式隶属或实证传警线；民政属宁波慈溪县，临观防区见绍兴篇,
ZJ-MAP-0010,杭州前卫,卫,杭州府,杭州前卫,,浙江都指挥使司,浙江都指挥使司 > 杭州府 > 杭州前卫,内陆参照,unlocated,,,,,,《明史》卷九十〈兵志二·浙江都司〉；《明会典》卷一百八（对读）,https://zh.wikisource.org/zh-hans/%E6%98%8E%E5%8F%B2/%E5%8D%B790,不作海防沿海设施计数,
ZJ-MAP-0011,杭州右卫,卫,杭州府,杭州右卫,,浙江都指挥使司,浙江都指挥使司 > 杭州府 > 杭州右卫,内陆参照,unlocated,,,,,,《明史》卷九十〈兵志二·浙江都司〉；《明会典》卷一百八（对读）,https://zh.wikisource.org/zh-hans/%E6%98%8E%E5%8F%B2/%E5%8D%B790,不作海防沿海设施计数；《明史》卷九十两处名录有“右卫／后卫”异文,
ZJ-MAP-0012,温州卫,卫,温州府,温州卫,,浙江都指挥使司,浙江都指挥使司 > 温州府 > 温州卫,府城卫,unlocated,,,,,,《浙江通志》卷九十八〈海防四·温州府〉；《明史》卷九十〈浙江都司〉,https://zh.wikisource.org/wiki/%E6%B5%99%E6%B1%9F%E9%80%9A%E5%BF%97_(%E5%9B%9B%E5%BA%AB%E5%85%A8%E6%9B%B8%E6%9C%AC)/%E5%8D%B7098,,
ZJ-MAP-0013,磐石卫,卫,温州府,磐石卫,,浙江都指挥使司,浙江都指挥使司 > 温州府 > 磐石卫,沿海卫,confirmed,27.9903,120.823121,磐石卫城址,ZJ-WZ-YQ-0001,盘石镇西门村,《浙江通志》卷九十八〈海防四·温州府〉；《明史》卷九十〈浙江都司〉,https://zh.wikisource.org/wiki/%E6%B5%99%E6%B1%9F%E9%80%9A%E5%BF%97_(%E5%9B%9B%E5%BA%AB%E5%85%A8%E6%9B%B8%E6%9C%AC)/%E5%8D%B7098,本行巡司/烽堠仅为文献列于该防区，非正式隶属或实证传警线,
ZJ-MAP-0014,金乡卫,卫,温州府,金乡卫,,浙江都指挥使司,浙江都指挥使司 > 温州府 > 金乡卫,沿海卫,confirmed,27.431615,120.610684,金乡卫城址,ZJ-WZ-CN-0001,金乡镇,《浙江通志》卷九十八〈海防四·温州府〉；《明史》卷九十〈浙江都司〉,https://zh.wikisource.org/wiki/%E6%B5%99%E6%B1%9F%E9%80%9A%E5%BF%97_(%E5%9B%9B%E5%BA%AB%E5%85%A8%E6%9B%B8%E6%9C%AC)/%E5%8D%B7098,本行巡司/烽堠仅为文献列于该防区，非正式隶属或实证传警线,
ZJ-MAP-0015,临山卫,卫,绍兴府,临山卫,,浙江都指挥使司,浙江都指挥使司 > 绍兴府 > 临山卫,沿海卫,confirmed,30.154063,120.997461,临山卫城址,ZJ-NB-YY-0001,临山镇,《浙江通志》卷九十八〈海防四·绍兴府〉；《明史》卷九十〈浙江都司〉,https://zh.wikisource.org/wiki/%E6%B5%99%E6%B1%9F%E9%80%9A%E5%BF%97_(%E5%9B%9B%E5%BA%AB%E5%85%A8%E6%9B%B8%E6%9C%AC)/%E5%8D%B7098,本行巡司/烽堠仅为文献列于该防区，非正式隶属或实证传警线,
ZJ-MAP-0016,绍兴卫,卫,绍兴府,绍兴卫,,浙江都指挥使司,浙江都指挥使司 > 绍兴府 > 绍兴卫,府城卫,unlocated,,,,,,《浙江通志》卷九十八〈海防四·绍兴府〉；《明史》卷九十〈浙江都司〉,https://zh.wikisource.org/wiki/%E6%B5%99%E6%B1%9F%E9%80%9A%E5%BF%97_(%E5%9B%9B%E5%BA%AB%E5%85%A8%E6%9B%B8%E6%9C%AC)/%E5%8D%B7098,,
ZJ-MAP-0017,三山,巡检司,台州府,松门卫,楚门所,楚门所,浙江都指挥使司 > 台州府 > 松门卫 > 楚门所 > 三山,,unlocated,,,,,,《浙江通志》卷九十八〈海防四·台州府〉,https://zh.wikisource.org/wiki/%E6%B5%99%E6%B1%9F%E9%80%9A%E5%BF%97_(%E5%9B%9B%E5%BA%AB%E5%85%A8%E6%9B%B8%E6%9C%AC)/%E5%8D%B7098,本行巡司/烽堠仅为文献列于该防区，非正式隶属或实证传警线,
ZJ-MAP-0018,小鹿,巡检司,台州府,松门卫,隘顽所,隘顽所,浙江都指挥使司 > 台州府 > 松门卫 > 隘顽所 > 小鹿,,confirmed,28.232225,121.388064,泗边小鹿巡检司城遗址,ZJ-TZ-YH-0002,沙门镇泗边村,《浙江通志》卷九十八〈海防四·台州府〉,https://zh.wikisource.org/wiki/%E6%B5%99%E6%B1%9F%E9%80%9A%E5%BF%97_(%E5%9B%9B%E5%BA%AB%E5%85%A8%E6%9B%B8%E6%9C%AC)/%E5%8D%B7098,本行巡司/烽堠仅为文献列于该防区，非正式隶属或实证传警线,
ZJ-MAP-0019,沙角,巡检司,台州府,松门卫,,松门卫,浙江都指挥使司 > 台州府 > 松门卫 > 沙角,,unlocated,,,,,,《浙江通志》卷九十八〈海防四·台州府〉；《明史》卷九十〈浙江都司〉,https://zh.wikisource.org/wiki/%E6%B5%99%E6%B1%9F%E9%80%9A%E5%BF%97_(%E5%9B%9B%E5%BA%AB%E5%85%A8%E6%9B%B8%E6%9C%AC)/%E5%8D%B7098,本行巡司/烽堠仅为文献列于该防区，非正式隶属或实证传警线,
ZJ-MAP-0020,盘马,巡检司,台州府,松门卫,,松门卫,浙江都指挥使司 > 台州府 > 松门卫 > 盘马,,candidate,28.415716,121.550366,盘马山烽火墩,ZJ-TZ-WL-0005,箬横镇盘马村盘马山顶,《浙江通志》卷九十八〈海防四·台州府〉；《明史》卷九十〈浙江都司〉,https://zh.wikisource.org/wiki/%E6%B5%99%E6%B1%9F%E9%80%9A%E5%BF%97_(%E5%9B%9B%E5%BA%AB%E5%85%A8%E6%9B%B8%E6%9C%AC)/%E5%8D%B7098,本行巡司/烽堠仅为文献列于该防区，非正式隶属或实证传警线,现代遗址名称未明确指向巡检司，位置仅供进一步核查。
ZJ-MAP-0021,曼岙,巡检司,台州府,海门卫,健跳所,健跳所,浙江都指挥使司 > 台州府 > 海门卫 > 健跳所 > 曼岙,,confirmed,29.137384,121.435185,曼岙巡检司城址,ZJ-TZ-SM-0001,海游镇大周村,《浙江通志》卷九十八〈海防四·台州府〉,https://zh.wikisource.org/wiki/%E6%B5%99%E6%B1%9F%E9%80%9A%E5%BF%97_(%E5%9B%9B%E5%BA%AB%E5%85%A8%E6%9B%B8%E6%9C%AC)/%E5%8D%B7098,本行巡司/烽堠仅为文献列于该防区，非正式隶属或实证传警线,
ZJ-MAP-0022,窦岙,巡检司,台州府,海门卫,健跳所,健跳所,浙江都指挥使司 > 台州府 > 海门卫 > 健跳所 > 窦岙,,unlocated,,,,,,《浙江通志》卷九十八〈海防四·台州府〉,https://zh.wikisource.org/wiki/%E6%B5%99%E6%B1%9F%E9%80%9A%E5%BF%97_(%E5%9B%9B%E5%BA%AB%E5%85%A8%E6%9B%B8%E6%9C%AC)/%E5%8D%B7098,本行巡司/烽堠仅为文献列于该防区，非正式隶属或实证传警线,
ZJ-MAP-0023,蛟湖,巡检司,台州府,海门卫,桃渚所,桃渚所,浙江都指挥使司 > 台州府 > 海门卫 > 桃渚所 > 蛟湖,,unlocated,,,,,,《浙江通志》卷九十八〈海防四·台州府〉,https://zh.wikisource.org/wiki/%E6%B5%99%E6%B1%9F%E9%80%9A%E5%BF%97_(%E5%9B%9B%E5%BA%AB%E5%85%A8%E6%9B%B8%E6%9C%AC)/%E5%8D%B7098,本行巡司/烽堠仅为文献列于该防区，非正式隶属或实证传警线,
ZJ-MAP-0024,越溪,巡检司,台州府,海门卫,健跳所,健跳所,浙江都指挥使司 > 台州府 > 海门卫 > 健跳所 > 越溪,,unlocated,,,,,,《浙江通志》卷九十八〈海防四·台州府〉,https://zh.wikisource.org/wiki/%E6%B5%99%E6%B1%9F%E9%80%9A%E5%BF%97_(%E5%9B%9B%E5%BA%AB%E5%85%A8%E6%9B%B8%E6%9C%AC)/%E5%8D%B7098,本行巡司/烽堠仅为文献列于该防区，非正式隶属或实证传警线,
ZJ-MAP-0025,铁场,巡检司,台州府,海门卫,健跳所,健跳所,浙江都指挥使司 > 台州府 > 海门卫 > 健跳所 > 铁场,,unlocated,,,,,,《浙江通志》卷九十八〈海防四·台州府〉,https://zh.wikisource.org/wiki/%E6%B5%99%E6%B1%9F%E9%80%9A%E5%BF%97_(%E5%9B%9B%E5%BA%AB%E5%85%A8%E6%9B%B8%E6%9C%AC)/%E5%8D%B7098,本行巡司/烽堠仅为文献列于该防区，非正式隶属或实证传警线,
ZJ-MAP-0026,长亭,巡检司,台州府,海门卫,健跳所,健跳所,浙江都指挥使司 > 台州府 > 海门卫 > 健跳所 > 长亭,,unlocated,,,,,,《浙江通志》卷九十八〈海防四·台州府〉,https://zh.wikisource.org/wiki/%E6%B5%99%E6%B1%9F%E9%80%9A%E5%BF%97_(%E5%9B%9B%E5%BA%AB%E5%85%A8%E6%9B%B8%E6%9C%AC)/%E5%8D%B7098,本行巡司/烽堠仅为文献列于该防区，非正式隶属或实证传警线,
ZJ-MAP-0027,长浦,巡检司,台州府,海门卫,,海门卫,浙江都指挥使司 > 台州府 > 海门卫 > 长浦,,confirmed,28.572373,121.429797,长浦司城址,ZJ-TZ-LQ-0001,路南街道司城村长浦司城里,《浙江通志》卷九十八〈海防四·台州府〉；《明史》卷九十〈浙江都司〉,https://zh.wikisource.org/wiki/%E6%B5%99%E6%B1%9F%E9%80%9A%E5%BF%97_(%E5%9B%9B%E5%BA%AB%E5%85%A8%E6%9B%B8%E6%9C%AC)/%E5%8D%B7098,本行巡司/烽堠仅为文献列于该防区，非正式隶属或实证传警线,
ZJ-MAP-0028,乍浦,巡检司,嘉兴府,海宁卫,乍浦所,乍浦所,浙江都指挥使司 > 嘉兴府 > 海宁卫 > 乍浦所 > 乍浦,,candidate,30.60042,121.087009,乍浦故城,ZJ-JX-PH-0001,乍浦镇内,《浙江通志》卷九十七〈海防三·嘉兴府〉,https://zh.wikisource.org/wiki/%E6%B5%99%E6%B1%9F%E9%80%9A%E5%BF%97_(%E5%9B%9B%E5%BA%AB%E5%85%A8%E6%9B%B8%E6%9C%AC)/%E5%8D%B7097,本行巡司/烽堠仅为文献列于该防区，非正式隶属或实证传警线,现代遗址名称未明确指向巡检司，位置仅供进一步核查。
ZJ-MAP-0029,海口镇,巡检司,嘉兴府,海宁卫,,海宁卫,浙江都指挥使司 > 嘉兴府 > 海宁卫 > 海口镇,,unlocated,,,,,,《浙江通志》卷九十七〈海防三·嘉兴府〉；《明史》卷九十〈浙江都司〉,https://zh.wikisource.org/wiki/%E6%B5%99%E6%B1%9F%E9%80%9A%E5%BF%97_(%E5%9B%9B%E5%BA%AB%E5%85%A8%E6%9B%B8%E6%9C%AC)/%E5%8D%B7097,本行巡司/烽堠仅为文献列于该防区，非正式隶属或实证传警线,
ZJ-MAP-0030,澉浦,巡检司,嘉兴府,海宁卫,澉浦所,澉浦所,浙江都指挥使司 > 嘉兴府 > 海宁卫 > 澉浦所 > 澉浦,,candidate,30.388643,120.889958,澉浦所城址,ZJ-JX-HY-0002,澉浦镇西,《浙江通志》卷九十七〈海防三·嘉兴府〉,https://zh.wikisource.org/wiki/%E6%B5%99%E6%B1%9F%E9%80%9A%E5%BF%97_(%E5%9B%9B%E5%BA%AB%E5%85%A8%E6%9B%B8%E6%9C%AC)/%E5%8D%B7097,本行巡司/烽堠仅为文献列于该防区，非正式隶属或实证传警线,原始配对标为候选，未证实与历史设施同址。 现代遗址名称未明确指向巡检司，位置仅供进一步核查。
ZJ-MAP-0031,白沙湾,巡检司,嘉兴府,海宁卫,乍浦所,乍浦所,浙江都指挥使司 > 嘉兴府 > 海宁卫 > 乍浦所 > 白沙湾,,unlocated,,,,,,《浙江通志》卷九十七〈海防三·嘉兴府〉,https://zh.wikisource.org/wiki/%E6%B5%99%E6%B1%9F%E9%80%9A%E5%BF%97_(%E5%9B%9B%E5%BA%AB%E5%85%A8%E6%9B%B8%E6%9C%AC)/%E5%8D%B7097,本行巡司/烽堠仅为文献列于该防区，非正式隶属或实证传警线,
ZJ-MAP-0032,塔山,巡检司,宁波府,定海卫,大嵩所,大嵩所,浙江都指挥使司 > 宁波府 > 定海卫 > 大嵩所 > 塔山,,confirmed,29.608877,121.742631,塔山城址（塔山巡检司城）,ZJ-NB-FH-0003,松岙镇湖头渡村西首,《浙江通志》卷九十七〈海防三·宁波府〉,https://zh.wikisource.org/wiki/%E6%B5%99%E6%B1%9F%E9%80%9A%E5%BF%97_(%E5%9B%9B%E5%BA%AB%E5%85%A8%E6%9B%B8%E6%9C%AC)/%E5%8D%B7097,本行巡司/烽堠仅为文献列于该防区，非正式隶属或实证传警线,
ZJ-MAP-0033,太平,巡检司,宁波府,定海卫,霩衢所,霩衢所,浙江都指挥使司 > 宁波府 > 定海卫 > 霩衢所 > 太平,,confirmed,29.824709,121.953484,太平岙巡检司城遗址,ZJ-NB-BL-0007,北仑区白峰镇太平村太平岙岙口,《浙江通志》卷九十七〈海防三·宁波府〉,https://zh.wikisource.org/wiki/%E6%B5%99%E6%B1%9F%E9%80%9A%E5%BF%97_(%E5%9B%9B%E5%BA%AB%E5%85%A8%E6%9B%B8%E6%9C%AC)/%E5%8D%B7097,本行巡司/烽堠仅为文献列于该防区，非正式隶属或实证传警线,
ZJ-MAP-0034,宝陀,巡检司,宁波府,定海卫,舟山中中所／舟山中左所（合列）,舟山中中所／舟山中左所（合列）,浙江都指挥使司 > 宁波府 > 定海卫 > 舟山中中所／舟山中左所（合列） > 宝陀,,unlocated,,,,,,《浙江通志》卷九十七〈海防三·宁波府〉,https://zh.wikisource.org/wiki/%E6%B5%99%E6%B1%9F%E9%80%9A%E5%BF%97_(%E5%9B%9B%E5%BA%AB%E5%85%A8%E6%9B%B8%E6%9C%AC)/%E5%8D%B7097,合列仅为名录索引，并非新的卫所机构；所辖各基层设施未能拆分到单个所,
ZJ-MAP-0035,岑港,巡检司,宁波府,定海卫,舟山中中所／舟山中左所（合列）,舟山中中所／舟山中左所（合列）,浙江都指挥使司 > 宁波府 > 定海卫 > 舟山中中所／舟山中左所（合列） > 岑港,,unlocated,,,,,,《浙江通志》卷九十七〈海防三·宁波府〉,https://zh.wikisource.org/wiki/%E6%B5%99%E6%B1%9F%E9%80%9A%E5%BF%97_(%E5%9B%9B%E5%BA%AB%E5%85%A8%E6%9B%B8%E6%9C%AC)/%E5%8D%B7097,合列仅为名录索引，并非新的卫所机构；所辖各基层设施未能拆分到单个所,
ZJ-MAP-0036,岱山,巡检司,宁波府,定海卫,舟山中中所／舟山中左所（合列）,舟山中中所／舟山中左所（合列）,浙江都指挥使司 > 宁波府 > 定海卫 > 舟山中中所／舟山中左所（合列） > 岱山,,unlocated,,,,,,《浙江通志》卷九十七〈海防三·宁波府〉,https://zh.wikisource.org/wiki/%E6%B5%99%E6%B1%9F%E9%80%9A%E5%BF%97_(%E5%9B%9B%E5%BA%AB%E5%85%A8%E6%9B%B8%E6%9C%AC)/%E5%8D%B7097,合列仅为名录索引，并非新的卫所机构；所辖各基层设施未能拆分到单个所,
ZJ-MAP-0037,甬东,巡检司,宁波府,定海卫,,定海卫,浙江都指挥使司 > 宁波府 > 定海卫 > 甬东,,unlocated,,,,,,《浙江通志》卷九十七〈海防三·宁波府〉；《明史》卷九十〈浙江都司〉,https://zh.wikisource.org/wiki/%E6%B5%99%E6%B1%9F%E9%80%9A%E5%BF%97_(%E5%9B%9B%E5%BA%AB%E5%85%A8%E6%9B%B8%E6%9C%AC)/%E5%8D%B7097,本行巡司/烽堠仅为文献列于该防区，非正式隶属或实证传警线,
ZJ-MAP-0038,穿山,巡检司,宁波府,定海卫,穿山后所,穿山后所,浙江都指挥使司 > 宁波府 > 定海卫 > 穿山后所 > 穿山,,candidate,29.887879,121.933981,穿山烽火台,ZJ-NB-BL-0019,柴桥街道穿山村海拔约100米的山顶,《浙江通志》卷九十七〈海防三·宁波府〉,https://zh.wikisource.org/wiki/%E6%B5%99%E6%B1%9F%E9%80%9A%E5%BF%97_(%E5%9B%9B%E5%BA%AB%E5%85%A8%E6%9B%B8%E6%9C%AC)/%E5%8D%B7097,本行巡司/烽堠仅为文献列于该防区，非正式隶属或实证传警线,现代遗址名称未明确指向巡检司，位置仅供进一步核查。
ZJ-MAP-0039,管界,巡检司,宁波府,定海卫,,定海卫,浙江都指挥使司 > 宁波府 > 定海卫 > 管界,,unlocated,,,,,,《浙江通志》卷九十七〈海防三·宁波府〉；《明史》卷九十〈浙江都司〉,https://zh.wikisource.org/wiki/%E6%B5%99%E6%B1%9F%E9%80%9A%E5%BF%97_(%E5%9B%9B%E5%BA%AB%E5%85%A8%E6%9B%B8%E6%9C%AC)/%E5%8D%B7097,本行巡司/烽堠仅为文献列于该防区，非正式隶属或实证传警线,
ZJ-MAP-0040,螺峰,巡检司,宁波府,定海卫,舟山中中所／舟山中左所（合列）,舟山中中所／舟山中左所（合列）,浙江都指挥使司 > 宁波府 > 定海卫 > 舟山中中所／舟山中左所（合列） > 螺峰,,unlocated,,,,,,《浙江通志》卷九十七〈海防三·宁波府〉,https://zh.wikisource.org/wiki/%E6%B5%99%E6%B1%9F%E9%80%9A%E5%BF%97_(%E5%9B%9B%E5%BA%AB%E5%85%A8%E6%9B%B8%E6%9C%AC)/%E5%8D%B7097,合列仅为名录索引，并非新的卫所机构；所辖各基层设施未能拆分到单个所,
ZJ-MAP-0041,长山,巡检司,宁波府,定海卫,,定海卫,浙江都指挥使司 > 宁波府 > 定海卫 > 长山,,unlocated,,,,,,《浙江通志》卷九十七〈海防三·宁波府〉；《明史》卷九十〈浙江都司〉,https://zh.wikisource.org/wiki/%E6%B5%99%E6%B1%9F%E9%80%9A%E5%BF%97_(%E5%9B%9B%E5%BA%AB%E5%85%A8%E6%9B%B8%E6%9C%AC)/%E5%8D%B7097,本行巡司/烽堠仅为文献列于该防区，非正式隶属或实证传警线,
ZJ-MAP-0042,霞屿,巡检司,宁波府,定海卫,霩衢所,霩衢所,浙江都指挥使司 > 宁波府 > 定海卫 > 霩衢所 > 霞屿,,unlocated,,,,,,《浙江通志》卷九十七〈海防三·宁波府〉,https://zh.wikisource.org/wiki/%E6%B5%99%E6%B1%9F%E9%80%9A%E5%BF%97_(%E5%9B%9B%E5%BA%AB%E5%85%A8%E6%9B%B8%E6%9C%AC)/%E5%8D%B7097,本行巡司/烽堠仅为文献列于该防区，非正式隶属或实证传警线,
ZJ-MAP-0043,爵溪,巡检司,宁波府,昌国卫,爵溪所,爵溪所,浙江都指挥使司 > 宁波府 > 昌国卫 > 爵溪所 > 爵溪,,candidate,29.473015,121.951114,爵溪抗倭城墙,ZJ-NB-XS-0009,爵溪街道,《浙江通志》卷九十七〈海防三·宁波府〉,https://zh.wikisource.org/wiki/%E6%B5%99%E6%B1%9F%E9%80%9A%E5%BF%97_(%E5%9B%9B%E5%BA%AB%E5%85%A8%E6%9B%B8%E6%9C%AC)/%E5%8D%B7097,本行巡司/烽堠仅为文献列于该防区，非正式隶属或实证传警线,现代遗址名称未明确指向巡检司，位置仅供进一步核查。
ZJ-MAP-0044,石浦,巡检司,宁波府,昌国卫,石浦前所／石浦后所（合列）,石浦前所／石浦后所（合列）,浙江都指挥使司 > 宁波府 > 昌国卫 > 石浦前所／石浦后所（合列） > 石浦,,confirmed,29.20869,121.94573,石浦巡检司旧址,ZJ-NB-XS-0029,石浦镇文兰社区巡司弄23号,《浙江通志》卷九十七〈海防三·宁波府〉,https://zh.wikisource.org/wiki/%E6%B5%99%E6%B1%9F%E9%80%9A%E5%BF%97_(%E5%9B%9B%E5%BA%AB%E5%85%A8%E6%9B%B8%E6%9C%AC)/%E5%8D%B7097,合列仅为名录索引，并非新的卫所机构；所辖各基层设施未能拆分到单个所,
ZJ-MAP-0045,赵岙,巡检司,宁波府,昌国卫,爵溪所,爵溪所,浙江都指挥使司 > 宁波府 > 昌国卫 > 爵溪所 > 赵岙,,unlocated,,,,,,《浙江通志》卷九十七〈海防三·宁波府〉,https://zh.wikisource.org/wiki/%E6%B5%99%E6%B1%9F%E9%80%9A%E5%BF%97_(%E5%9B%9B%E5%BA%AB%E5%85%A8%E6%9B%B8%E6%9C%AC)/%E5%8D%B7097,本行巡司/烽堠仅为文献列于该防区，非正式隶属或实证传警线,
ZJ-MAP-0046,陈山,巡检司,宁波府,昌国卫,爵溪所,爵溪所,浙江都指挥使司 > 宁波府 > 昌国卫 > 爵溪所 > 陈山,,unlocated,,,,,,《浙江通志》卷九十七〈海防三·宁波府〉,https://zh.wikisource.org/wiki/%E6%B5%99%E6%B1%9F%E9%80%9A%E5%BF%97_(%E5%9B%9B%E5%BA%AB%E5%85%A8%E6%9B%B8%E6%9C%AC)/%E5%8D%B7097,本行巡司/烽堠仅为文献列于该防区，非正式隶属或实证传警线,
ZJ-MAP-0047,向头,巡检司,宁波府,观海卫,,观海卫,浙江都指挥使司 > 宁波府 > 观海卫 > 向头,,unlocated,,,,,,《浙江通志》卷九十八〈海防四·绍兴府临观段〉；《明史》卷九十〈浙江都司〉,https://zh.wikisource.org/wiki/%E6%B5%99%E6%B1%9F%E9%80%9A%E5%BF%97_(%E5%9B%9B%E5%BA%AB%E5%85%A8%E6%9B%B8%E6%9C%AC)/%E5%8D%B7098,本行巡司/烽堠仅为文献列于该防区，非正式隶属或实证传警线；民政属宁波慈溪县，临观防区见绍兴篇,
ZJ-MAP-0048,松浦,巡检司,宁波府,观海卫,龙山所,龙山所,浙江都指挥使司 > 宁波府 > 观海卫 > 龙山所 > 松浦,,unlocated,,,,,,《浙江通志》卷九十八〈海防四·绍兴府临观段〉,https://zh.wikisource.org/wiki/%E6%B5%99%E6%B1%9F%E9%80%9A%E5%BF%97_(%E5%9B%9B%E5%BA%AB%E5%85%A8%E6%9B%B8%E6%9C%AC)/%E5%8D%B7098,本行巡司/烽堠仅为文献列于该防区，非正式隶属或实证传警线；民政属宁波慈溪县，临观防区见绍兴篇,
ZJ-MAP-0049,石墩,巡检司,杭州府,浙江都司,海宁所,海宁所,浙江都指挥使司 > 杭州府 > 浙江都司 > 海宁所 > 石墩,,unlocated,,,,,,《浙江通志》卷九十七〈海防三·杭州府〉；《明史》卷九十〈海宁千户所〉,https://zh.wikisource.org/wiki/%E6%B5%99%E6%B1%9F%E9%80%9A%E5%BF%97_(%E5%9B%9B%E5%BA%AB%E5%85%A8%E6%9B%B8%E6%9C%AC)/%E5%8D%B7097,直属都司守御千户所；原志分入杭州海防篇；本行巡司/烽堠仅为文献列于该防区，非正式隶属或实证传警线；此处杭州海宁所非嘉兴海盐县海宁卫,
ZJ-MAP-0050,赭山,巡检司,杭州府,浙江都司,海宁所,海宁所,浙江都指挥使司 > 杭州府 > 浙江都司 > 海宁所 > 赭山,,confirmed,30.279989,120.417455,萧山抗倭遗址（赭山巡检司城旧址）,ZJ-HZ-XS-0001,南阳镇龙虎村西,《浙江通志》卷九十七〈海防三·杭州府〉；《明史》卷九十〈海宁千户所〉,https://zh.wikisource.org/wiki/%E6%B5%99%E6%B1%9F%E9%80%9A%E5%BF%97_(%E5%9B%9B%E5%BA%AB%E5%85%A8%E6%9B%B8%E6%9C%AC)/%E5%8D%B7097,直属都司守御千户所；原志分入杭州海防篇；本行巡司/烽堠仅为文献列于该防区，非正式隶属或实证传警线；此处杭州海宁所非嘉兴海盐县海宁卫,
ZJ-MAP-0051,仙口,巡检司,温州府,温州卫,平阳所,平阳所,浙江都指挥使司 > 温州府 > 温州卫 > 平阳所 > 仙口,,unlocated,,,,,,《浙江通志》卷九十八〈海防四·温州府〉,https://zh.wikisource.org/wiki/%E6%B5%99%E6%B1%9F%E9%80%9A%E5%BF%97_(%E5%9B%9B%E5%BA%AB%E5%85%A8%E6%9B%B8%E6%9C%AC)/%E5%8D%B7098,本行巡司/烽堠仅为文献列于该防区，非正式隶属或实证传警线,
ZJ-MAP-0052,梅头,巡检司,温州府,温州卫,瑞安所,瑞安所,浙江都指挥使司 > 温州府 > 温州卫 > 瑞安所 > 梅头,,unlocated,,,,,,《浙江通志》卷九十八〈海防四·温州府〉,https://zh.wikisource.org/wiki/%E6%B5%99%E6%B1%9F%E9%80%9A%E5%BF%97_(%E5%9B%9B%E5%BA%AB%E5%85%A8%E6%9B%B8%E6%9C%AC)/%E5%8D%B7098,本行巡司/烽堠仅为文献列于该防区，非正式隶属或实证传警线,
ZJ-MAP-0053,江口,巡检司,温州府,温州卫,平阳所,平阳所,浙江都指挥使司 > 温州府 > 温州卫 > 平阳所 > 江口,,unlocated,,,,,,《浙江通志》卷九十八〈海防四·温州府〉,https://zh.wikisource.org/wiki/%E6%B5%99%E6%B1%9F%E9%80%9A%E5%BF%97_(%E5%9B%9B%E5%BA%AB%E5%85%A8%E6%9B%B8%E6%9C%AC)/%E5%8D%B7098,本行巡司/烽堠仅为文献列于该防区，非正式隶属或实证传警线,
ZJ-MAP-0054,中界,巡检司,温州府,磐石卫,宁村所,宁村所,浙江都指挥使司 > 温州府 > 磐石卫 > 宁村所 > 中界,,unlocated,,,,,,《浙江通志》卷九十八〈海防四·温州府〉,https://zh.wikisource.org/wiki/%E6%B5%99%E6%B1%9F%E9%80%9A%E5%BF%97_(%E5%9B%9B%E5%BA%AB%E5%85%A8%E6%9B%B8%E6%9C%AC)/%E5%8D%B7098,本行巡司/烽堠仅为文献列于该防区，非正式隶属或实证传警线,
ZJ-MAP-0055,蒲岐,巡检司,温州府,磐石卫,蒲岐所,蒲岐所,浙江都指挥使司 > 温州府 > 磐石卫 > 蒲岐所 > 蒲岐,,candidate,28.169386,121.052028,蒲岐所城城门,ZJ-WZ-YQ-0004,蒲岐镇,《浙江通志》卷九十八〈海防四·温州府〉,https://zh.wikisource.org/wiki/%E6%B5%99%E6%B1%9F%E9%80%9A%E5%BF%97_(%E5%9B%9B%E5%BA%AB%E5%85%A8%E6%9B%B8%E6%9C%AC)/%E5%8D%B7098,本行巡司/烽堠仅为文献列于该防区，非正式隶属或实证传警线,现代遗址名称未明确指向巡检司，位置仅供进一步核查。
ZJ-MAP-0056,馆头,巡检司,温州府,磐石卫,,磐石卫,浙江都指挥使司 > 温州府 > 磐石卫 > 馆头,,unlocated,,,,,,《浙江通志》卷九十八〈海防四·温州府〉；《明史》卷九十〈浙江都司〉,https://zh.wikisource.org/wiki/%E6%B5%99%E6%B1%9F%E9%80%9A%E5%BF%97_(%E5%9B%9B%E5%BA%AB%E5%85%A8%E6%9B%B8%E6%9C%AC)/%E5%8D%B7098,本行巡司/烽堠仅为文献列于该防区，非正式隶属或实证传警线,
ZJ-MAP-0057,舥艚,巡检司,温州府,金乡卫,,金乡卫,浙江都指挥使司 > 温州府 > 金乡卫 > 舥艚,,unlocated,,,,,,《浙江通志》卷九十八〈海防四·温州府〉；《明史》卷九十〈浙江都司〉,https://zh.wikisource.org/wiki/%E6%B5%99%E6%B1%9F%E9%80%9A%E5%BF%97_(%E5%9B%9B%E5%BA%AB%E5%85%A8%E6%9B%B8%E6%9C%AC)/%E5%8D%B7098,本行巡司/烽堠仅为文献列于该防区，非正式隶属或实证传警线,
ZJ-MAP-0058,龟峰,巡检司,温州府,金乡卫,,金乡卫,浙江都指挥使司 > 温州府 > 金乡卫 > 龟峰,,candidate,27.401401,120.565007,龟峰堡,ZJ-WZ-CN-0021,大渔镇小渔岙村,《浙江通志》卷九十八〈海防四·温州府〉；《明史》卷九十〈浙江都司〉,https://zh.wikisource.org/wiki/%E6%B5%99%E6%B1%9F%E9%80%9A%E5%BF%97_(%E5%9B%9B%E5%BA%AB%E5%85%A8%E6%9B%B8%E6%9C%AC)/%E5%8D%B7098,本行巡司/烽堠仅为文献列于该防区，非正式隶属或实证传警线,现代遗址名称未明确指向巡检司，位置仅供进一步核查。
ZJ-MAP-0059,三山,巡检司,绍兴府,临山卫,三山所,三山所,浙江都指挥使司 > 绍兴府 > 临山卫 > 三山所 > 三山,,candidate,30.173642,121.24313,三山所城,ZJ-NB-CX-0001,浒山街道,《浙江通志》卷九十八〈海防四·绍兴府〉,https://zh.wikisource.org/wiki/%E6%B5%99%E6%B1%9F%E9%80%9A%E5%BF%97_(%E5%9B%9B%E5%BA%AB%E5%85%A8%E6%9B%B8%E6%9C%AC)/%E5%8D%B7098,本行巡司/烽堠仅为文献列于该防区，非正式隶属或实证传警线,现代遗址名称未明确指向巡检司，位置仅供进一步核查。
ZJ-MAP-0060,庙山,巡检司,绍兴府,临山卫,,临山卫,浙江都指挥使司 > 绍兴府 > 临山卫 > 庙山,,unlocated,,,,,,《浙江通志》卷九十八〈海防四·绍兴府〉；《明史》卷九十〈浙江都司〉,https://zh.wikisource.org/wiki/%E6%B5%99%E6%B1%9F%E9%80%9A%E5%BF%97_(%E5%9B%9B%E5%BA%AB%E5%85%A8%E6%9B%B8%E6%9C%AC)/%E5%8D%B7098,本行巡司/烽堠仅为文献列于该防区，非正式隶属或实证传警线,
ZJ-MAP-0061,眉山,巡检司,绍兴府,临山卫,三山所,三山所,浙江都指挥使司 > 绍兴府 > 临山卫 > 三山所 > 眉山,,unlocated,,,,,,《浙江通志》卷九十八〈海防四·绍兴府〉,https://zh.wikisource.org/wiki/%E6%B5%99%E6%B1%9F%E9%80%9A%E5%BF%97_(%E5%9B%9B%E5%BA%AB%E5%85%A8%E6%9B%B8%E6%9C%AC)/%E5%8D%B7098,本行巡司/烽堠仅为文献列于该防区，非正式隶属或实证传警线,
ZJ-MAP-0062,黄家堰,巡检司,绍兴府,临山卫,沥海所,沥海所,浙江都指挥使司 > 绍兴府 > 临山卫 > 沥海所 > 黄家堰,,unlocated,,,,,,《浙江通志》卷九十八〈海防四·绍兴府〉,https://zh.wikisource.org/wiki/%E6%B5%99%E6%B1%9F%E9%80%9A%E5%BF%97_(%E5%9B%9B%E5%BA%AB%E5%85%A8%E6%9B%B8%E6%9C%AC)/%E5%8D%B7098,本行巡司/烽堠仅为文献列于该防区，非正式隶属或实证传警线,
ZJ-MAP-0063,三江,巡检司,绍兴府,绍兴卫,三江所,三江所,浙江都指挥使司 > 绍兴府 > 绍兴卫 > 三江所 > 三江,,candidate,30.113341,120.616296,三江所城遗址,ZJ-SX-YC-0001,斗门镇三江村东首东门头,《浙江通志》卷九十八〈海防四·绍兴府〉,https://zh.wikisource.org/wiki/%E6%B5%99%E6%B1%9F%E9%80%9A%E5%BF%97_(%E5%9B%9B%E5%BA%AB%E5%85%A8%E6%9B%B8%E6%9C%AC)/%E5%8D%B7098,本行巡司/烽堠仅为文献列于该防区，非正式隶属或实证传警线,现代遗址名称未明确指向巡检司，位置仅供进一步核查。
ZJ-MAP-0064,白洋,巡检司,绍兴府,绍兴卫,三江所,三江所,浙江都指挥使司 > 绍兴府 > 绍兴卫 > 三江所 > 白洋,,unlocated,,,,,,《浙江通志》卷九十八〈海防四·绍兴府〉,https://zh.wikisource.org/wiki/%E6%B5%99%E6%B1%9F%E9%80%9A%E5%BF%97_(%E5%9B%9B%E5%BA%AB%E5%85%A8%E6%9B%B8%E6%9C%AC)/%E5%8D%B7098,本行巡司/烽堠仅为文献列于该防区，非正式隶属或实证传警线,
ZJ-MAP-0065,楚门所,所,台州府,松门卫,楚门所,松门卫,浙江都指挥使司 > 台州府 > 松门卫 > 楚门所,,confirmed,28.228632,121.28896,楚门所城址,ZJ-TZ-YH-0001,楚门镇,《浙江通志》卷九十八〈海防四·台州府〉,https://zh.wikisource.org/wiki/%E6%B5%99%E6%B1%9F%E9%80%9A%E5%BF%97_(%E5%9B%9B%E5%BA%AB%E5%85%A8%E6%9B%B8%E6%9C%AC)/%E5%8D%B7098,本行巡司/烽堠仅为文献列于该防区，非正式隶属或实证传警线,
ZJ-MAP-0066,隘顽所,所,台州府,松门卫,隘顽所,松门卫,浙江都指挥使司 > 台州府 > 松门卫 > 隘顽所,,unlocated,,,,,,《浙江通志》卷九十八〈海防四·台州府〉,https://zh.wikisource.org/wiki/%E6%B5%99%E6%B1%9F%E9%80%9A%E5%BF%97_(%E5%9B%9B%E5%BA%AB%E5%85%A8%E6%9B%B8%E6%9C%AC)/%E5%8D%B7098,本行巡司/烽堠仅为文献列于该防区，非正式隶属或实证传警线,
ZJ-MAP-0067,健跳所,所,台州府,海门卫,健跳所,海门卫,浙江都指挥使司 > 台州府 > 海门卫 > 健跳所,,confirmed,29.041485,121.631275,健跳所城遗址,ZJ-TZ-SM-0003,健跳镇健农村双凤山,《浙江通志》卷九十八〈海防四·台州府〉,https://zh.wikisource.org/wiki/%E6%B5%99%E6%B1%9F%E9%80%9A%E5%BF%97_(%E5%9B%9B%E5%BA%AB%E5%85%A8%E6%9B%B8%E6%9C%AC)/%E5%8D%B7098,本行巡司/烽堠仅为文献列于该防区，非正式隶属或实证传警线,
ZJ-MAP-0068,新河所,所,台州府,海门卫,新河所,海门卫,浙江都指挥使司 > 台州府 > 海门卫 > 新河所,,confirmed,28.478817,121.454067,新河所城址,ZJ-TZ-WL-0001,新河镇新河小学后面,《浙江通志》卷九十八〈海防四·台州府〉,https://zh.wikisource.org/wiki/%E6%B5%99%E6%B1%9F%E9%80%9A%E5%BF%97_(%E5%9B%9B%E5%BA%AB%E5%85%A8%E6%9B%B8%E6%9C%AC)/%E5%8D%B7098,本行巡司/烽堠仅为文献列于该防区，非正式隶属或实证传警线,
ZJ-MAP-0069,桃渚所,所,台州府,海门卫,桃渚所,海门卫,浙江都指挥使司 > 台州府 > 海门卫 > 桃渚所,,confirmed,28.825888,121.539312,桃渚所城址,ZJ-TZ-LH-0002,浙江省台州市临海市桃渚镇,《浙江通志》卷九十八〈海防四·台州府〉,https://zh.wikisource.org/wiki/%E6%B5%99%E6%B1%9F%E9%80%9A%E5%BF%97_(%E5%9B%9B%E5%BA%AB%E5%85%A8%E6%9B%B8%E6%9C%AC)/%E5%8D%B7098,本行巡司/烽堠仅为文献列于该防区，非正式隶属或实证传警线,
ZJ-MAP-0070,海门前所,所,台州府,海门卫,海门前所,海门卫,浙江都指挥使司 > 台州府 > 海门卫 > 海门前所,,unlocated,,,,,,《浙江通志》卷九十八〈海防四·台州府〉,https://zh.wikisource.org/wiki/%E6%B5%99%E6%B1%9F%E9%80%9A%E5%BF%97_(%E5%9B%9B%E5%BA%AB%E5%85%A8%E6%9B%B8%E6%9C%AC)/%E5%8D%B7098,本行巡司/烽堠仅为文献列于该防区，非正式隶属或实证传警线,
ZJ-MAP-0071,乍浦所,所,嘉兴府,海宁卫,乍浦所,海宁卫,浙江都指挥使司 > 嘉兴府 > 海宁卫 > 乍浦所,,unlocated,,,,,,《浙江通志》卷九十七〈海防三·嘉兴府〉,https://zh.wikisource.org/wiki/%E6%B5%99%E6%B1%9F%E9%80%9A%E5%BF%97_(%E5%9B%9B%E5%BA%AB%E5%85%A8%E6%9B%B8%E6%9C%AC)/%E5%8D%B7097,本行巡司/烽堠仅为文献列于该防区，非正式隶属或实证传警线,
ZJ-MAP-0072,澉浦所,所,嘉兴府,海宁卫,澉浦所,海宁卫,浙江都指挥使司 > 嘉兴府 > 海宁卫 > 澉浦所,,confirmed,30.388643,120.889958,澉浦所城址,ZJ-JX-HY-0002,澉浦镇西,《浙江通志》卷九十七〈海防三·嘉兴府〉,https://zh.wikisource.org/wiki/%E6%B5%99%E6%B1%9F%E9%80%9A%E5%BF%97_(%E5%9B%9B%E5%BA%AB%E5%85%A8%E6%9B%B8%E6%9C%AC)/%E5%8D%B7097,本行巡司/烽堠仅为文献列于该防区，非正式隶属或实证传警线,
ZJ-MAP-0073,大嵩所,所,宁波府,定海卫,大嵩所,定海卫,浙江都指挥使司 > 宁波府 > 定海卫 > 大嵩所,,confirmed,29.707755,121.787355,大嵩所城遗址,ZJ-NB-YZ-0001,瞻歧镇东城村与西城村,《浙江通志》卷九十七〈海防三·宁波府〉,https://zh.wikisource.org/wiki/%E6%B5%99%E6%B1%9F%E9%80%9A%E5%BF%97_(%E5%9B%9B%E5%BA%AB%E5%85%A8%E6%9B%B8%E6%9C%AC)/%E5%8D%B7097,本行巡司/烽堠仅为文献列于该防区，非正式隶属或实证传警线,
ZJ-MAP-0074,穿山后所,所,宁波府,定海卫,穿山后所,定海卫,浙江都指挥使司 > 宁波府 > 定海卫 > 穿山后所,,unlocated,,,,,,《浙江通志》卷九十七〈海防三·宁波府〉,https://zh.wikisource.org/wiki/%E6%B5%99%E6%B1%9F%E9%80%9A%E5%BF%97_(%E5%9B%9B%E5%BA%AB%E5%85%A8%E6%9B%B8%E6%9C%AC)/%E5%8D%B7097,本行巡司/烽堠仅为文献列于该防区，非正式隶属或实证传警线,
ZJ-MAP-0075,舟山中中所,所,宁波府,定海卫,舟山中中所,定海卫,浙江都指挥使司 > 宁波府 > 定海卫 > 舟山中中所,,unlocated,,,,,,《浙江通志》卷九十七〈海防三·宁波府〉,https://zh.wikisource.org/wiki/%E6%B5%99%E6%B1%9F%E9%80%9A%E5%BF%97_(%E5%9B%9B%E5%BA%AB%E5%85%A8%E6%9B%B8%E6%9C%AC)/%E5%8D%B7097,,
ZJ-MAP-0076,舟山中左所,所,宁波府,定海卫,舟山中左所,定海卫,浙江都指挥使司 > 宁波府 > 定海卫 > 舟山中左所,,unlocated,,,,,,《浙江通志》卷九十七〈海防三·宁波府〉,https://zh.wikisource.org/wiki/%E6%B5%99%E6%B1%9F%E9%80%9A%E5%BF%97_(%E5%9B%9B%E5%BA%AB%E5%85%A8%E6%9B%B8%E6%9C%AC)/%E5%8D%B7097,,
ZJ-MAP-0077,霩衢所,所,宁波府,定海卫,霩衢所,定海卫,浙江都指挥使司 > 宁波府 > 定海卫 > 霩衢所,,unlocated,,,,,,《浙江通志》卷九十七〈海防三·宁波府〉,https://zh.wikisource.org/wiki/%E6%B5%99%E6%B1%9F%E9%80%9A%E5%BF%97_(%E5%9B%9B%E5%BA%AB%E5%85%A8%E6%9B%B8%E6%9C%AC)/%E5%8D%B7097,本行巡司/烽堠仅为文献列于该防区，非正式隶属或实证传警线,
ZJ-MAP-0078,爵溪所,所,宁波府,昌国卫,爵溪所,昌国卫,浙江都指挥使司 > 宁波府 > 昌国卫 > 爵溪所,,unlocated,,,,,,《浙江通志》卷九十七〈海防三·宁波府〉,https://zh.wikisource.org/wiki/%E6%B5%99%E6%B1%9F%E9%80%9A%E5%BF%97_(%E5%9B%9B%E5%BA%AB%E5%85%A8%E6%9B%B8%E6%9C%AC)/%E5%8D%B7097,本行巡司/烽堠仅为文献列于该防区，非正式隶属或实证传警线,
ZJ-MAP-0079,石浦前所,所,宁波府,昌国卫,石浦前所,昌国卫,浙江都指挥使司 > 宁波府 > 昌国卫 > 石浦前所,,unlocated,,,,,,《浙江通志》卷九十七〈海防三·宁波府〉,https://zh.wikisource.org/wiki/%E6%B5%99%E6%B1%9F%E9%80%9A%E5%BF%97_(%E5%9B%9B%E5%BA%AB%E5%85%A8%E6%9B%B8%E6%9C%AC)/%E5%8D%B7097,,
ZJ-MAP-0080,石浦后所,所,宁波府,昌国卫,石浦后所,昌国卫,浙江都指挥使司 > 宁波府 > 昌国卫 > 石浦后所,,unlocated,,,,,,《浙江通志》卷九十七〈海防三·宁波府〉,https://zh.wikisource.org/wiki/%E6%B5%99%E6%B1%9F%E9%80%9A%E5%BF%97_(%E5%9B%9B%E5%BA%AB%E5%85%A8%E6%9B%B8%E6%9C%AC)/%E5%8D%B7097,,
ZJ-MAP-0081,钱仓所,所,宁波府,昌国卫,钱仓所,昌国卫,浙江都指挥使司 > 宁波府 > 昌国卫 > 钱仓所,,unlocated,,,,,,《浙江通志》卷九十七〈海防三·宁波府〉,https://zh.wikisource.org/wiki/%E6%B5%99%E6%B1%9F%E9%80%9A%E5%BF%97_(%E5%9B%9B%E5%BA%AB%E5%85%A8%E6%9B%B8%E6%9C%AC)/%E5%8D%B7097,本行巡司/烽堠仅为文献列于该防区，非正式隶属或实证传警线,
ZJ-MAP-0082,龙山所,所,宁波府,观海卫,龙山所,观海卫,浙江都指挥使司 > 宁波府 > 观海卫 > 龙山所,,confirmed,30.077398,121.562285,龙山所城,ZJ-NB-CX-0003,龙山镇龙山所村,《浙江通志》卷九十八〈海防四·绍兴府临观段〉,https://zh.wikisource.org/wiki/%E6%B5%99%E6%B1%9F%E9%80%9A%E5%BF%97_(%E5%9B%9B%E5%BA%AB%E5%85%A8%E6%9B%B8%E6%9C%AC)/%E5%8D%B7098,本行巡司/烽堠仅为文献列于该防区，非正式隶属或实证传警线；民政属宁波慈溪县，临观防区见绍兴篇,
ZJ-MAP-0083,海宁所,所,杭州府,浙江都司,海宁所,浙江都司,浙江都指挥使司 > 杭州府 > 浙江都司 > 海宁所,,unlocated,,,,,,《浙江通志》卷九十七〈海防三·杭州府〉；《明史》卷九十〈海宁千户所〉,https://zh.wikisource.org/wiki/%E6%B5%99%E6%B1%9F%E9%80%9A%E5%BF%97_(%E5%9B%9B%E5%BA%AB%E5%85%A8%E6%9B%B8%E6%9C%AC)/%E5%8D%B7097,直属都司守御千户所；原志分入杭州海防篇；本行巡司/烽堠仅为文献列于该防区，非正式隶属或实证传警线；此处杭州海宁所非嘉兴海盐县海宁卫,
ZJ-MAP-0084,平阳所,所,温州府,温州卫,平阳所,温州卫,浙江都指挥使司 > 温州府 > 温州卫 > 平阳所,,unlocated,,,,,,《浙江通志》卷九十八〈海防四·温州府〉,https://zh.wikisource.org/wiki/%E6%B5%99%E6%B1%9F%E9%80%9A%E5%BF%97_(%E5%9B%9B%E5%BA%AB%E5%85%A8%E6%9B%B8%E6%9C%AC)/%E5%8D%B7098,本行巡司/烽堠仅为文献列于该防区，非正式隶属或实证传警线,
ZJ-MAP-0085,海安所,所,温州府,温州卫,海安所,温州卫,浙江都指挥使司 > 温州府 > 温州卫 > 海安所,,confirmed,27.828262,120.735145,海安所城址,ZJ-WZ-RA-0002,塘下镇海安海东村,《浙江通志》卷九十八〈海防四·温州府〉,https://zh.wikisource.org/wiki/%E6%B5%99%E6%B1%9F%E9%80%9A%E5%BF%97_(%E5%9B%9B%E5%BA%AB%E5%85%A8%E6%9B%B8%E6%9C%AC)/%E5%8D%B7098,本行巡司/烽堠仅为文献列于该防区，非正式隶属或实证传警线,
ZJ-MAP-0086,瑞安所,所,温州府,温州卫,瑞安所,温州卫,浙江都指挥使司 > 温州府 > 温州卫 > 瑞安所,,unlocated,,,,,,《浙江通志》卷九十八〈海防四·温州府〉,https://zh.wikisource.org/wiki/%E6%B5%99%E6%B1%9F%E9%80%9A%E5%BF%97_(%E5%9B%9B%E5%BA%AB%E5%85%A8%E6%9B%B8%E6%9C%AC)/%E5%8D%B7098,本行巡司/烽堠仅为文献列于该防区，非正式隶属或实证传警线,
ZJ-MAP-0087,宁村所,所,温州府,磐石卫,宁村所,磐石卫,浙江都指挥使司 > 温州府 > 磐石卫 > 宁村所,,confirmed,27.923734,120.843947,宁村所城址,ZJ-WZ-LW-0001,海滨街道宁村村十字路头,《浙江通志》卷九十八〈海防四·温州府〉,https://zh.wikisource.org/wiki/%E6%B5%99%E6%B1%9F%E9%80%9A%E5%BF%97_(%E5%9B%9B%E5%BA%AB%E5%85%A8%E6%9B%B8%E6%9C%AC)/%E5%8D%B7098,本行巡司/烽堠仅为文献列于该防区，非正式隶属或实证传警线,
ZJ-MAP-0088,磐石后所,所,温州府,磐石卫,磐石后所,磐石卫,浙江都指挥使司 > 温州府 > 磐石卫 > 磐石后所,,confirmed,28.121571,120.979754,磐石后所,ZJ-WZ-YQ-0005,城东街道后所社区,《浙江通志》卷九十八〈海防四·温州府〉,https://zh.wikisource.org/wiki/%E6%B5%99%E6%B1%9F%E9%80%9A%E5%BF%97_(%E5%9B%9B%E5%BA%AB%E5%85%A8%E6%9B%B8%E6%9C%AC)/%E5%8D%B7098,本行巡司/烽堠仅为文献列于该防区，非正式隶属或实证传警线,
ZJ-MAP-0089,蒲岐所,所,温州府,磐石卫,蒲岐所,磐石卫,浙江都指挥使司 > 温州府 > 磐石卫 > 蒲岐所,,confirmed,28.169386,121.052028,蒲岐所城城门,ZJ-WZ-YQ-0004,蒲岐镇,《浙江通志》卷九十八〈海防四·温州府〉,https://zh.wikisource.org/wiki/%E6%B5%99%E6%B1%9F%E9%80%9A%E5%BF%97_(%E5%9B%9B%E5%BA%AB%E5%85%A8%E6%9B%B8%E6%9C%AC)/%E5%8D%B7098,本行巡司/烽堠仅为文献列于该防区，非正式隶属或实证传警线,
ZJ-MAP-0090,壮士所,所,温州府,金乡卫,壮士所,金乡卫,浙江都指挥使司 > 温州府 > 金乡卫 > 壮士所,,confirmed,27.271394,120.51994,壮士所城,ZJ-WZ-CN-0003-02,苍南县渔寮乡雾城村,《浙江通志》卷九十八〈海防四·温州府〉,https://zh.wikisource.org/wiki/%E6%B5%99%E6%B1%9F%E9%80%9A%E5%BF%97_(%E5%9B%9B%E5%BA%AB%E5%85%A8%E6%9B%B8%E6%9C%AC)/%E5%8D%B7098,本行巡司/烽堠仅为文献列于该防区，非正式隶属或实证传警线,
ZJ-MAP-0091,沙园所,所,温州府,金乡卫,沙园所,金乡卫,浙江都指挥使司 > 温州府 > 金乡卫 > 沙园所,,confirmed,27.727257,120.646391,沙园所,ZJ-WZ-RA-0003,飞云镇沙园村,《浙江通志》卷九十八〈海防四·温州府〉,https://zh.wikisource.org/wiki/%E6%B5%99%E6%B1%9F%E9%80%9A%E5%BF%97_(%E5%9B%9B%E5%BA%AB%E5%85%A8%E6%9B%B8%E6%9C%AC)/%E5%8D%B7098,本行巡司/烽堠仅为文献列于该防区，非正式隶属或实证传警线,
ZJ-MAP-0092,蒲门所,所,温州府,金乡卫,蒲门所,金乡卫,浙江都指挥使司 > 温州府 > 金乡卫 > 蒲门所,,confirmed,27.235401,120.446835,蒲门所城,ZJ-WZ-CN-0003-01,马站镇蒲城社区,《浙江通志》卷九十八〈海防四·温州府〉,https://zh.wikisource.org/wiki/%E6%B5%99%E6%B1%9F%E9%80%9A%E5%BF%97_(%E5%9B%9B%E5%BA%AB%E5%85%A8%E6%9B%B8%E6%9C%AC)/%E5%8D%B7098,本行巡司/烽堠仅为文献列于该防区，非正式隶属或实证传警线,
ZJ-MAP-0093,三山所,所,绍兴府,临山卫,三山所,临山卫,浙江都指挥使司 > 绍兴府 > 临山卫 > 三山所,,confirmed,30.173642,121.24313,三山所城,ZJ-NB-CX-0001,浒山街道,《浙江通志》卷九十八〈海防四·绍兴府〉,https://zh.wikisource.org/wiki/%E6%B5%99%E6%B1%9F%E9%80%9A%E5%BF%97_(%E5%9B%9B%E5%BA%AB%E5%85%A8%E6%9B%B8%E6%9C%AC)/%E5%8D%B7098,本行巡司/烽堠仅为文献列于该防区，非正式隶属或实证传警线,
ZJ-MAP-0094,沥海所,所,绍兴府,临山卫,沥海所,临山卫,浙江都指挥使司 > 绍兴府 > 临山卫 > 沥海所,,confirmed,30.116126,120.76271,沥海所城遗址,ZJ-SX-SY-0001,沥海镇,《浙江通志》卷九十八〈海防四·绍兴府〉,https://zh.wikisource.org/wiki/%E6%B5%99%E6%B1%9F%E9%80%9A%E5%BF%97_(%E5%9B%9B%E5%BA%AB%E5%85%A8%E6%9B%B8%E6%9C%AC)/%E5%8D%B7098,本行巡司/烽堠仅为文献列于该防区，非正式隶属或实证传警线,
ZJ-MAP-0095,三江所,所,绍兴府,绍兴卫,三江所,绍兴卫,浙江都指挥使司 > 绍兴府 > 绍兴卫 > 三江所,,confirmed,30.113341,120.616296,三江所城遗址,ZJ-SX-YC-0001,斗门镇三江村东首东门头,《浙江通志》卷九十八〈海防四·绍兴府〉,https://zh.wikisource.org/wiki/%E6%B5%99%E6%B1%9F%E9%80%9A%E5%BF%97_(%E5%9B%9B%E5%BA%AB%E5%85%A8%E6%9B%B8%E6%9C%AC)/%E5%8D%B7098,本行巡司/烽堠仅为文献列于该防区，非正式隶属或实证传警线,
ZJ-MAP-0096,东门,烽堠,台州府,松门卫,楚门所,楚门所,浙江都指挥使司 > 台州府 > 松门卫 > 楚门所 > 东门,,unlocated,,,,,,《浙江通志》卷九十八〈海防四·台州府〉,https://zh.wikisource.org/wiki/%E6%B5%99%E6%B1%9F%E9%80%9A%E5%BF%97_(%E5%9B%9B%E5%BA%AB%E5%85%A8%E6%9B%B8%E6%9C%AC)/%E5%8D%B7098,本行巡司/烽堠仅为文献列于该防区，非正式隶属或实证传警线,
ZJ-MAP-0097,丫髻,烽堠,台州府,松门卫,楚门所,楚门所,浙江都指挥使司 > 台州府 > 松门卫 > 楚门所 > 丫髻,,unlocated,,,,,,《浙江通志》卷九十八〈海防四·台州府〉,https://zh.wikisource.org/wiki/%E6%B5%99%E6%B1%9F%E9%80%9A%E5%BF%97_(%E5%9B%9B%E5%BA%AB%E5%85%A8%E6%9B%B8%E6%9C%AC)/%E5%8D%B7098,本行巡司/烽堠仅为文献列于该防区，非正式隶属或实证传警线,
ZJ-MAP-0098,乌沙,烽堠,台州府,松门卫,,松门卫,浙江都指挥使司 > 台州府 > 松门卫 > 乌沙,,unlocated,,,,,,《浙江通志》卷九十八〈海防四·台州府〉；《明史》卷九十〈浙江都司〉,https://zh.wikisource.org/wiki/%E6%B5%99%E6%B1%9F%E9%80%9A%E5%BF%97_(%E5%9B%9B%E5%BA%AB%E5%85%A8%E6%9B%B8%E6%9C%AC)/%E5%8D%B7098,本行巡司/烽堠仅为文献列于该防区，非正式隶属或实证传警线,
ZJ-MAP-0099,后湾,烽堠,台州府,松门卫,隘顽所,隘顽所,浙江都指挥使司 > 台州府 > 松门卫 > 隘顽所 > 后湾,,unlocated,,,,,,《浙江通志》卷九十八〈海防四·台州府〉,https://zh.wikisource.org/wiki/%E6%B5%99%E6%B1%9F%E9%80%9A%E5%BF%97_(%E5%9B%9B%E5%BA%AB%E5%85%A8%E6%9B%B8%E6%9C%AC)/%E5%8D%B7098,本行巡司/烽堠仅为文献列于该防区，非正式隶属或实证传警线,
ZJ-MAP-0100,塔山,烽堠,台州府,松门卫,楚门所,楚门所,浙江都指挥使司 > 台州府 > 松门卫 > 楚门所 > 塔山,,unlocated,,,,,,《浙江通志》卷九十八〈海防四·台州府〉,https://zh.wikisource.org/wiki/%E6%B5%99%E6%B1%9F%E9%80%9A%E5%BF%97_(%E5%9B%9B%E5%BA%AB%E5%85%A8%E6%9B%B8%E6%9C%AC)/%E5%8D%B7098,本行巡司/烽堠仅为文献列于该防区，非正式隶属或实证传警线,
ZJ-MAP-0101,大青山,烽堠,台州府,松门卫,楚门所,楚门所,浙江都指挥使司 > 台州府 > 松门卫 > 楚门所 > 大青山,,unlocated,,,,,,《浙江通志》卷九十八〈海防四·台州府〉,https://zh.wikisource.org/wiki/%E6%B5%99%E6%B1%9F%E9%80%9A%E5%BF%97_(%E5%9B%9B%E5%BA%AB%E5%85%A8%E6%9B%B8%E6%9C%AC)/%E5%8D%B7098,本行巡司/烽堠仅为文献列于该防区，非正式隶属或实证传警线,
ZJ-MAP-0102,小青山,烽堠,台州府,松门卫,楚门所,楚门所,浙江都指挥使司 > 台州府 > 松门卫 > 楚门所 > 小青山,,unlocated,,,,,,《浙江通志》卷九十八〈海防四·台州府〉,https://zh.wikisource.org/wiki/%E6%B5%99%E6%B1%9F%E9%80%9A%E5%BF%97_(%E5%9B%9B%E5%BA%AB%E5%85%A8%E6%9B%B8%E6%9C%AC)/%E5%8D%B7098,本行巡司/烽堠仅为文献列于该防区，非正式隶属或实证传警线,
ZJ-MAP-0103,岐门,烽堠,台州府,松门卫,隘顽所,隘顽所,浙江都指挥使司 > 台州府 > 松门卫 > 隘顽所 > 岐门,,unlocated,,,,,,《浙江通志》卷九十八〈海防四·台州府〉,https://zh.wikisource.org/wiki/%E6%B5%99%E6%B1%9F%E9%80%9A%E5%BF%97_(%E5%9B%9B%E5%BA%AB%E5%85%A8%E6%9B%B8%E6%9C%AC)/%E5%8D%B7098,本行巡司/烽堠仅为文献列于该防区，非正式隶属或实证传警线,
ZJ-MAP-0104,曾篷,烽堠,台州府,松门卫,隘顽所,隘顽所,浙江都指挥使司 > 台州府 > 松门卫 > 隘顽所 > 曾篷,,unlocated,,,,,,《浙江通志》卷九十八〈海防四·台州府〉,https://zh.wikisource.org/wiki/%E6%B5%99%E6%B1%9F%E9%80%9A%E5%BF%97_(%E5%9B%9B%E5%BA%AB%E5%85%A8%E6%9B%B8%E6%9C%AC)/%E5%8D%B7098,本行巡司/烽堠仅为文献列于该防区，非正式隶属或实证传警线,
ZJ-MAP-0105,松门寨,烽堠,台州府,松门卫,,松门卫,浙江都指挥使司 > 台州府 > 松门卫 > 松门寨,,unlocated,,,,,,《浙江通志》卷九十八〈海防四·台州府〉；《明史》卷九十〈浙江都司〉,https://zh.wikisource.org/wiki/%E6%B5%99%E6%B1%9F%E9%80%9A%E5%BF%97_(%E5%9B%9B%E5%BA%AB%E5%85%A8%E6%9B%B8%E6%9C%AC)/%E5%8D%B7098,本行巡司/烽堠仅为文献列于该防区，非正式隶属或实证传警线,
ZJ-MAP-0106,梅岙,烽堠,台州府,松门卫,楚门所,楚门所,浙江都指挥使司 > 台州府 > 松门卫 > 楚门所 > 梅岙,,unlocated,,,梅岙山烽火台,ZJ-TZ-SM-0017,健跳镇东边村北侧梅岙山,《浙江通志》卷九十八〈海防四·台州府〉,https://zh.wikisource.org/wiki/%E6%B5%99%E6%B1%9F%E9%80%9A%E5%BF%97_(%E5%9B%9B%E5%BA%AB%E5%85%A8%E6%9B%B8%E6%9C%AC)/%E5%8D%B7098,本行巡司/烽堠仅为文献列于该防区，非正式隶属或实证传警线,原自动匹配梅岙山烽火台距楚门所防区较远，撤销地图定位，待考证。
ZJ-MAP-0107,楚门,烽堠,台州府,松门卫,楚门所,楚门所,浙江都指挥使司 > 台州府 > 松门卫 > 楚门所 > 楚门,,candidate,28.228632,121.28896,楚门所城址,ZJ-TZ-YH-0001,楚门镇,《浙江通志》卷九十八〈海防四·台州府〉,https://zh.wikisource.org/wiki/%E6%B5%99%E6%B1%9F%E9%80%9A%E5%BF%97_(%E5%9B%9B%E5%BA%AB%E5%85%A8%E6%9B%B8%E6%9C%AC)/%E5%8D%B7098,本行巡司/烽堠仅为文献列于该防区，非正式隶属或实证传警线,现代遗址名称不是明确的烽堠遗址，不能仅凭同名认定原址。
ZJ-MAP-0108,江馆,烽堠,台州府,松门卫,隘顽所,隘顽所,浙江都指挥使司 > 台州府 > 松门卫 > 隘顽所 > 江馆,,unlocated,,,,,,《浙江通志》卷九十八〈海防四·台州府〉,https://zh.wikisource.org/wiki/%E6%B5%99%E6%B1%9F%E9%80%9A%E5%BF%97_(%E5%9B%9B%E5%BA%AB%E5%85%A8%E6%9B%B8%E6%9C%AC)/%E5%8D%B7098,本行巡司/烽堠仅为文献列于该防区，非正式隶属或实证传警线,
ZJ-MAP-0109,沙角,烽堠,台州府,松门卫,,松门卫,浙江都指挥使司 > 台州府 > 松门卫 > 沙角,,unlocated,,,,,,《浙江通志》卷九十八〈海防四·台州府〉；《明史》卷九十〈浙江都司〉,https://zh.wikisource.org/wiki/%E6%B5%99%E6%B1%9F%E9%80%9A%E5%BF%97_(%E5%9B%9B%E5%BA%AB%E5%85%A8%E6%9B%B8%E6%9C%AC)/%E5%8D%B7098,本行巡司/烽堠仅为文献列于该防区，非正式隶属或实证传警线,
ZJ-MAP-0110,泥湖,烽堠,台州府,松门卫,楚门所,楚门所,浙江都指挥使司 > 台州府 > 松门卫 > 楚门所 > 泥湖,,unlocated,,,,,,《浙江通志》卷九十八〈海防四·台州府〉,https://zh.wikisource.org/wiki/%E6%B5%99%E6%B1%9F%E9%80%9A%E5%BF%97_(%E5%9B%9B%E5%BA%AB%E5%85%A8%E6%9B%B8%E6%9C%AC)/%E5%8D%B7098,本行巡司/烽堠仅为文献列于该防区，非正式隶属或实证传警线,
ZJ-MAP-0111,洋坑,烽堠,台州府,松门卫,楚门所,楚门所,浙江都指挥使司 > 台州府 > 松门卫 > 楚门所 > 洋坑,,unlocated,,,,,,《浙江通志》卷九十八〈海防四·台州府〉,https://zh.wikisource.org/wiki/%E6%B5%99%E6%B1%9F%E9%80%9A%E5%BF%97_(%E5%9B%9B%E5%BA%AB%E5%85%A8%E6%9B%B8%E6%9C%AC)/%E5%8D%B7098,本行巡司/烽堠仅为文献列于该防区，非正式隶属或实证传警线,
ZJ-MAP-0112,清港,烽堠,台州府,松门卫,楚门所,楚门所,浙江都指挥使司 > 台州府 > 松门卫 > 楚门所 > 清港,,unlocated,,,,,,《浙江通志》卷九十八〈海防四·台州府〉,https://zh.wikisource.org/wiki/%E6%B5%99%E6%B1%9F%E9%80%9A%E5%BF%97_(%E5%9B%9B%E5%BA%AB%E5%85%A8%E6%9B%B8%E6%9C%AC)/%E5%8D%B7098,本行巡司/烽堠仅为文献列于该防区，非正式隶属或实证传警线,
ZJ-MAP-0113,渔井,烽堠,台州府,松门卫,楚门所,楚门所,浙江都指挥使司 > 台州府 > 松门卫 > 楚门所 > 渔井,,unlocated,,,,,,《浙江通志》卷九十八〈海防四·台州府〉,https://zh.wikisource.org/wiki/%E6%B5%99%E6%B1%9F%E9%80%9A%E5%BF%97_(%E5%9B%9B%E5%BA%AB%E5%85%A8%E6%9B%B8%E6%9C%AC)/%E5%8D%B7098,本行巡司/烽堠仅为文献列于该防区，非正式隶属或实证传警线,
ZJ-MAP-0114,灵门,烽堠,台州府,松门卫,隘顽所,隘顽所,浙江都指挥使司 > 台州府 > 松门卫 > 隘顽所 > 灵门,,unlocated,,,,,,《浙江通志》卷九十八〈海防四·台州府〉,https://zh.wikisource.org/wiki/%E6%B5%99%E6%B1%9F%E9%80%9A%E5%BF%97_(%E5%9B%9B%E5%BA%AB%E5%85%A8%E6%9B%B8%E6%9C%AC)/%E5%8D%B7098,本行巡司/烽堠仅为文献列于该防区，非正式隶属或实证传警线,
ZJ-MAP-0115,甘岙,烽堠,台州府,松门卫,,松门卫,浙江都指挥使司 > 台州府 > 松门卫 > 甘岙,,unlocated,,,,,,《浙江通志》卷九十八〈海防四·台州府〉；《明史》卷九十〈浙江都司〉,https://zh.wikisource.org/wiki/%E6%B5%99%E6%B1%9F%E9%80%9A%E5%BF%97_(%E5%9B%9B%E5%BA%AB%E5%85%A8%E6%9B%B8%E6%9C%AC)/%E5%8D%B7098,本行巡司/烽堠仅为文献列于该防区，非正式隶属或实证传警线,
ZJ-MAP-0116,盘马,烽堠,台州府,松门卫,,松门卫,浙江都指挥使司 > 台州府 > 松门卫 > 盘马,,confirmed,28.415716,121.550366,盘马山烽火墩,ZJ-TZ-WL-0005,箬横镇盘马村盘马山顶,《浙江通志》卷九十八〈海防四·台州府〉；《明史》卷九十〈浙江都司〉,https://zh.wikisource.org/wiki/%E6%B5%99%E6%B1%9F%E9%80%9A%E5%BF%97_(%E5%9B%9B%E5%BA%AB%E5%85%A8%E6%9B%B8%E6%9C%AC)/%E5%8D%B7098,本行巡司/烽堠仅为文献列于该防区，非正式隶属或实证传警线,
ZJ-MAP-0117,石桥,烽堠,台州府,松门卫,楚门所,楚门所,浙江都指挥使司 > 台州府 > 松门卫 > 楚门所 > 石桥,,unlocated,,,,,,《浙江通志》卷九十八〈海防四·台州府〉,https://zh.wikisource.org/wiki/%E6%B5%99%E6%B1%9F%E9%80%9A%E5%BF%97_(%E5%9B%9B%E5%BA%AB%E5%85%A8%E6%9B%B8%E6%9C%AC)/%E5%8D%B7098,本行巡司/烽堠仅为文献列于该防区，非正式隶属或实证传警线,
ZJ-MAP-0118,磊石,烽堠,台州府,松门卫,,松门卫,浙江都指挥使司 > 台州府 > 松门卫 > 磊石,,unlocated,,,,,,《浙江通志》卷九十八〈海防四·台州府〉；《明史》卷九十〈浙江都司〉,https://zh.wikisource.org/wiki/%E6%B5%99%E6%B1%9F%E9%80%9A%E5%BF%97_(%E5%9B%9B%E5%BA%AB%E5%85%A8%E6%9B%B8%E6%9C%AC)/%E5%8D%B7098,本行巡司/烽堠仅为文献列于该防区，非正式隶属或实证传警线,
ZJ-MAP-0119,苍峰,烽堠,台州府,松门卫,,松门卫,浙江都指挥使司 > 台州府 > 松门卫 > 苍峰,,unlocated,,,,,,《浙江通志》卷九十八〈海防四·台州府〉；《明史》卷九十〈浙江都司〉,https://zh.wikisource.org/wiki/%E6%B5%99%E6%B1%9F%E9%80%9A%E5%BF%97_(%E5%9B%9B%E5%BA%AB%E5%85%A8%E6%9B%B8%E6%9C%AC)/%E5%8D%B7098,本行巡司/烽堠仅为文献列于该防区，非正式隶属或实证传警线,
ZJ-MAP-0120,苔山,烽堠,台州府,松门卫,楚门所,楚门所,浙江都指挥使司 > 台州府 > 松门卫 > 楚门所 > 苔山,,candidate,28.262584,121.245432,苔山寨城遗址（温岭巡检司城旧址）,ZJ-TZ-YH-0003,清港镇苔山村东南山顶,《浙江通志》卷九十八〈海防四·台州府〉,https://zh.wikisource.org/wiki/%E6%B5%99%E6%B1%9F%E9%80%9A%E5%BF%97_(%E5%9B%9B%E5%BA%AB%E5%85%A8%E6%9B%B8%E6%9C%AC)/%E5%8D%B7098,本行巡司/烽堠仅为文献列于该防区，非正式隶属或实证传警线,现代遗址名称不是明确的烽堠遗址，不能仅凭同名认定原址。
ZJ-MAP-0121,荒岙,烽堠,台州府,松门卫,,松门卫,浙江都指挥使司 > 台州府 > 松门卫 > 荒岙,,unlocated,,,,,,《浙江通志》卷九十八〈海防四·台州府〉；《明史》卷九十〈浙江都司〉,https://zh.wikisource.org/wiki/%E6%B5%99%E6%B1%9F%E9%80%9A%E5%BF%97_(%E5%9B%9B%E5%BA%AB%E5%85%A8%E6%9B%B8%E6%9C%AC)/%E5%8D%B7098,本行巡司/烽堠仅为文献列于该防区，非正式隶属或实证传警线,
ZJ-MAP-0122,蛤浦,烽堠,台州府,松门卫,,松门卫,浙江都指挥使司 > 台州府 > 松门卫 > 蛤浦,,unlocated,,,,,,《浙江通志》卷九十八〈海防四·台州府〉；《明史》卷九十〈浙江都司〉,https://zh.wikisource.org/wiki/%E6%B5%99%E6%B1%9F%E9%80%9A%E5%BF%97_(%E5%9B%9B%E5%BA%AB%E5%85%A8%E6%9B%B8%E6%9C%AC)/%E5%8D%B7098,本行巡司/烽堠仅为文献列于该防区，非正式隶属或实证传警线,
ZJ-MAP-0123,西门,烽堠,台州府,松门卫,楚门所,楚门所,浙江都指挥使司 > 台州府 > 松门卫 > 楚门所 > 西门,,unlocated,,,,,,《浙江通志》卷九十八〈海防四·台州府〉,https://zh.wikisource.org/wiki/%E6%B5%99%E6%B1%9F%E9%80%9A%E5%BF%97_(%E5%9B%9B%E5%BA%AB%E5%85%A8%E6%9B%B8%E6%9C%AC)/%E5%8D%B7098,本行巡司/烽堠仅为文献列于该防区，非正式隶属或实证传警线,
ZJ-MAP-0124,车路,烽堠,台州府,松门卫,,松门卫,浙江都指挥使司 > 台州府 > 松门卫 > 车路,,unlocated,,,,,,《浙江通志》卷九十八〈海防四·台州府〉；《明史》卷九十〈浙江都司〉,https://zh.wikisource.org/wiki/%E6%B5%99%E6%B1%9F%E9%80%9A%E5%BF%97_(%E5%9B%9B%E5%BA%AB%E5%85%A8%E6%9B%B8%E6%9C%AC)/%E5%8D%B7098,本行巡司/烽堠仅为文献列于该防区，非正式隶属或实证传警线,
ZJ-MAP-0125,长山,烽堠,台州府,松门卫,隘顽所,隘顽所,浙江都指挥使司 > 台州府 > 松门卫 > 隘顽所 > 长山,,unlocated,,,,,,《浙江通志》卷九十八〈海防四·台州府〉,https://zh.wikisource.org/wiki/%E6%B5%99%E6%B1%9F%E9%80%9A%E5%BF%97_(%E5%9B%9B%E5%BA%AB%E5%85%A8%E6%9B%B8%E6%9C%AC)/%E5%8D%B7098,本行巡司/烽堠仅为文献列于该防区，非正式隶属或实证传警线,
ZJ-MAP-0126,长沙,烽堠,台州府,松门卫,隘顽所,隘顽所,浙江都指挥使司 > 台州府 > 松门卫 > 隘顽所 > 长沙,,unlocated,,,,,,《浙江通志》卷九十八〈海防四·台州府〉,https://zh.wikisource.org/wiki/%E6%B5%99%E6%B1%9F%E9%80%9A%E5%BF%97_(%E5%9B%9B%E5%BA%AB%E5%85%A8%E6%9B%B8%E6%9C%AC)/%E5%8D%B7098,本行巡司/烽堠仅为文献列于该防区，非正式隶属或实证传警线,
ZJ-MAP-0127,雀海坑,烽堠,台州府,松门卫,隘顽所,隘顽所,浙江都指挥使司 > 台州府 > 松门卫 > 隘顽所 > 雀海坑,,unlocated,,,,,,《浙江通志》卷九十八〈海防四·台州府〉,https://zh.wikisource.org/wiki/%E6%B5%99%E6%B1%9F%E9%80%9A%E5%BF%97_(%E5%9B%9B%E5%BA%AB%E5%85%A8%E6%9B%B8%E6%9C%AC)/%E5%8D%B7098,本行巡司/烽堠仅为文献列于该防区，非正式隶属或实证传警线,
ZJ-MAP-0128,马鞍山,烽堠,台州府,松门卫,楚门所,楚门所,浙江都指挥使司 > 台州府 > 松门卫 > 楚门所 > 马鞍山,,unlocated,,,,,,《浙江通志》卷九十八〈海防四·台州府〉,https://zh.wikisource.org/wiki/%E6%B5%99%E6%B1%9F%E9%80%9A%E5%BF%97_(%E5%9B%9B%E5%BA%AB%E5%85%A8%E6%9B%B8%E6%9C%AC)/%E5%8D%B7098,本行巡司/烽堠仅为文献列于该防区，非正式隶属或实证传警线,
ZJ-MAP-0129,骊头,烽堠,台州府,松门卫,隘顽所,隘顽所,浙江都指挥使司 > 台州府 > 松门卫 > 隘顽所 > 骊头,,unlocated,,,,,,《浙江通志》卷九十八〈海防四·台州府〉,https://zh.wikisource.org/wiki/%E6%B5%99%E6%B1%9F%E9%80%9A%E5%BF%97_(%E5%9B%9B%E5%BA%AB%E5%85%A8%E6%9B%B8%E6%9C%AC)/%E5%8D%B7098,本行巡司/烽堠仅为文献列于该防区，非正式隶属或实证传警线,
ZJ-MAP-0130,下旧城,烽堠,台州府,海门卫,桃渚所,桃渚所,浙江都指挥使司 > 台州府 > 海门卫 > 桃渚所 > 下旧城,,candidate,28.782501,121.634235,下旧城遗址,ZJ-TZ-LH-0001,上城镇新城村旧城山,《浙江通志》卷九十八〈海防四·台州府〉,https://zh.wikisource.org/wiki/%E6%B5%99%E6%B1%9F%E9%80%9A%E5%BF%97_(%E5%9B%9B%E5%BA%AB%E5%85%A8%E6%9B%B8%E6%9C%AC)/%E5%8D%B7098,本行巡司/烽堠仅为文献列于该防区，非正式隶属或实证传警线,现代遗址名称不是明确的烽堠遗址，不能仅凭同名认定原址。
ZJ-MAP-0131,中山,烽堠,台州府,海门卫,海门前所,海门前所,浙江都指挥使司 > 台州府 > 海门卫 > 海门前所 > 中山,,unlocated,,,,,,《浙江通志》卷九十八〈海防四·台州府〉,https://zh.wikisource.org/wiki/%E6%B5%99%E6%B1%9F%E9%80%9A%E5%BF%97_(%E5%9B%9B%E5%BA%AB%E5%85%A8%E6%9B%B8%E6%9C%AC)/%E5%8D%B7098,本行巡司/烽堠仅为文献列于该防区，非正式隶属或实证传警线,
ZJ-MAP-0132,中旧城,烽堠,台州府,海门卫,桃渚所,桃渚所,浙江都指挥使司 > 台州府 > 海门卫 > 桃渚所 > 中旧城,,unlocated,,,,,,《浙江通志》卷九十八〈海防四·台州府〉,https://zh.wikisource.org/wiki/%E6%B5%99%E6%B1%9F%E9%80%9A%E5%BF%97_(%E5%9B%9B%E5%BA%AB%E5%85%A8%E6%9B%B8%E6%9C%AC)/%E5%8D%B7098,本行巡司/烽堠仅为文献列于该防区，非正式隶属或实证传警线,
ZJ-MAP-0133,停屿,烽堠,台州府,海门卫,桃渚所,桃渚所,浙江都指挥使司 > 台州府 > 海门卫 > 桃渚所 > 停屿,,unlocated,,,,,,《浙江通志》卷九十八〈海防四·台州府〉,https://zh.wikisource.org/wiki/%E6%B5%99%E6%B1%9F%E9%80%9A%E5%BF%97_(%E5%9B%9B%E5%BA%AB%E5%85%A8%E6%9B%B8%E6%9C%AC)/%E5%8D%B7098,本行巡司/烽堠仅为文献列于该防区，非正式隶属或实证传警线,
ZJ-MAP-0134,净应,烽堠,台州府,海门卫,新河所,新河所,浙江都指挥使司 > 台州府 > 海门卫 > 新河所 > 净应,,unlocated,,,,,,《浙江通志》卷九十八〈海防四·台州府〉,https://zh.wikisource.org/wiki/%E6%B5%99%E6%B1%9F%E9%80%9A%E5%BF%97_(%E5%9B%9B%E5%BA%AB%E5%85%A8%E6%9B%B8%E6%9C%AC)/%E5%8D%B7098,本行巡司/烽堠仅为文献列于该防区，非正式隶属或实证传警线,
ZJ-MAP-0135,后沙,烽堠,台州府,海门卫,健跳所,健跳所,浙江都指挥使司 > 台州府 > 海门卫 > 健跳所 > 后沙,,unlocated,,,,,,《浙江通志》卷九十八〈海防四·台州府〉,https://zh.wikisource.org/wiki/%E6%B5%99%E6%B1%9F%E9%80%9A%E5%BF%97_(%E5%9B%9B%E5%BA%AB%E5%85%A8%E6%9B%B8%E6%9C%AC)/%E5%8D%B7098,本行巡司/烽堠仅为文献列于该防区，非正式隶属或实证传警线,
ZJ-MAP-0136,外水,烽堠,台州府,海门卫,,海门卫,浙江都指挥使司 > 台州府 > 海门卫 > 外水,,unlocated,,,,,,《浙江通志》卷九十八〈海防四·台州府〉；《明史》卷九十〈浙江都司〉,https://zh.wikisource.org/wiki/%E6%B5%99%E6%B1%9F%E9%80%9A%E5%BF%97_(%E5%9B%9B%E5%BA%AB%E5%85%A8%E6%9B%B8%E6%9C%AC)/%E5%8D%B7098,本行巡司/烽堠仅为文献列于该防区，非正式隶属或实证传警线,
ZJ-MAP-0137,大渔西,烽堠,台州府,海门卫,健跳所,健跳所,浙江都指挥使司 > 台州府 > 海门卫 > 健跳所 > 大渔西,,unlocated,,,,,,《浙江通志》卷九十八〈海防四·台州府〉,https://zh.wikisource.org/wiki/%E6%B5%99%E6%B1%9F%E9%80%9A%E5%BF%97_(%E5%9B%9B%E5%BA%AB%E5%85%A8%E6%9B%B8%E6%9C%AC)/%E5%8D%B7098,本行巡司/烽堠仅为文献列于该防区，非正式隶属或实证传警线,
ZJ-MAP-0138,大荆山,烽堠,台州府,海门卫,桃渚所,桃渚所,浙江都指挥使司 > 台州府 > 海门卫 > 桃渚所 > 大荆山,,unlocated,,,,,,《浙江通志》卷九十八〈海防四·台州府〉,https://zh.wikisource.org/wiki/%E6%B5%99%E6%B1%9F%E9%80%9A%E5%BF%97_(%E5%9B%9B%E5%BA%AB%E5%85%A8%E6%9B%B8%E6%9C%AC)/%E5%8D%B7098,本行巡司/烽堠仅为文献列于该防区，非正式隶属或实证传警线,
ZJ-MAP-0139,小渔西,烽堠,台州府,海门卫,健跳所,健跳所,浙江都指挥使司 > 台州府 > 海门卫 > 健跳所 > 小渔西,,confirmed,28.958678,121.679703,小渔西烽火台,ZJ-TZ-SM-0013,沿赤乡小渔西村东侧墩山,《浙江通志》卷九十八〈海防四·台州府〉,https://zh.wikisource.org/wiki/%E6%B5%99%E6%B1%9F%E9%80%9A%E5%BF%97_(%E5%9B%9B%E5%BA%AB%E5%85%A8%E6%9B%B8%E6%9C%AC)/%E5%8D%B7098,本行巡司/烽堠仅为文献列于该防区，非正式隶属或实证传警线,
ZJ-MAP-0140,屿头,烽堠,台州府,海门卫,桃渚所,桃渚所,浙江都指挥使司 > 台州府 > 海门卫 > 桃渚所 > 屿头,,unlocated,,,,,,《浙江通志》卷九十八〈海防四·台州府〉,https://zh.wikisource.org/wiki/%E6%B5%99%E6%B1%9F%E9%80%9A%E5%BF%97_(%E5%9B%9B%E5%BA%AB%E5%85%A8%E6%9B%B8%E6%9C%AC)/%E5%8D%B7098,本行巡司/烽堠仅为文献列于该防区，非正式隶属或实证传警线,
ZJ-MAP-0141,拆头,烽堠,台州府,海门卫,健跳所,健跳所,浙江都指挥使司 > 台州府 > 海门卫 > 健跳所 > 拆头,,unlocated,,,,,,《浙江通志》卷九十八〈海防四·台州府〉,https://zh.wikisource.org/wiki/%E6%B5%99%E6%B1%9F%E9%80%9A%E5%BF%97_(%E5%9B%9B%E5%BA%AB%E5%85%A8%E6%9B%B8%E6%9C%AC)/%E5%8D%B7098,本行巡司/烽堠仅为文献列于该防区，非正式隶属或实证传警线,
ZJ-MAP-0142,新场,烽堠,台州府,海门卫,新河所,新河所,浙江都指挥使司 > 台州府 > 海门卫 > 新河所 > 新场,,unlocated,,,,,,《浙江通志》卷九十八〈海防四·台州府〉,https://zh.wikisource.org/wiki/%E6%B5%99%E6%B1%9F%E9%80%9A%E5%BF%97_(%E5%9B%9B%E5%BA%AB%E5%85%A8%E6%9B%B8%E6%9C%AC)/%E5%8D%B7098,本行巡司/烽堠仅为文献列于该防区，非正式隶属或实证传警线,
ZJ-MAP-0143,昌埠,烽堠,台州府,海门卫,桃渚所,桃渚所,浙江都指挥使司 > 台州府 > 海门卫 > 桃渚所 > 昌埠,,unlocated,,,,,,《浙江通志》卷九十八〈海防四·台州府〉,https://zh.wikisource.org/wiki/%E6%B5%99%E6%B1%9F%E9%80%9A%E5%BF%97_(%E5%9B%9B%E5%BA%AB%E5%85%A8%E6%9B%B8%E6%9C%AC)/%E5%8D%B7098,本行巡司/烽堠仅为文献列于该防区，非正式隶属或实证传警线,
ZJ-MAP-0144,望火楼,烽堠,台州府,海门卫,桃渚所,桃渚所,浙江都指挥使司 > 台州府 > 海门卫 > 桃渚所 > 望火楼,,unlocated,,,,,,《浙江通志》卷九十八〈海防四·台州府〉,https://zh.wikisource.org/wiki/%E6%B5%99%E6%B1%9F%E9%80%9A%E5%BF%97_(%E5%9B%9B%E5%BA%AB%E5%85%A8%E6%9B%B8%E6%9C%AC)/%E5%8D%B7098,本行巡司/烽堠仅为文献列于该防区，非正式隶属或实证传警线,
ZJ-MAP-0145,洋屿,烽堠,台州府,海门卫,新河所,新河所,浙江都指挥使司 > 台州府 > 海门卫 > 新河所 > 洋屿,,unlocated,,,,,,《浙江通志》卷九十八〈海防四·台州府〉,https://zh.wikisource.org/wiki/%E6%B5%99%E6%B1%9F%E9%80%9A%E5%BF%97_(%E5%9B%9B%E5%BA%AB%E5%85%A8%E6%9B%B8%E6%9C%AC)/%E5%8D%B7098,本行巡司/烽堠仅为文献列于该防区，非正式隶属或实证传警线,
ZJ-MAP-0146,涸井,烽堠,台州府,海门卫,桃渚所,桃渚所,浙江都指挥使司 > 台州府 > 海门卫 > 桃渚所 > 涸井,,unlocated,,,,,,《浙江通志》卷九十八〈海防四·台州府〉,https://zh.wikisource.org/wiki/%E6%B5%99%E6%B1%9F%E9%80%9A%E5%BF%97_(%E5%9B%9B%E5%BA%AB%E5%85%A8%E6%9B%B8%E6%9C%AC)/%E5%8D%B7098,本行巡司/烽堠仅为文献列于该防区，非正式隶属或实证传警线,
ZJ-MAP-0147,狮子山,烽堠,台州府,海门卫,桃渚所,桃渚所,浙江都指挥使司 > 台州府 > 海门卫 > 桃渚所 > 狮子山,,unlocated,,,,,,《浙江通志》卷九十八〈海防四·台州府〉,https://zh.wikisource.org/wiki/%E6%B5%99%E6%B1%9F%E9%80%9A%E5%BF%97_(%E5%9B%9B%E5%BA%AB%E5%85%A8%E6%9B%B8%E6%9C%AC)/%E5%8D%B7098,本行巡司/烽堠仅为文献列于该防区，非正式隶属或实证传警线,
ZJ-MAP-0148,石柱,烽堠,台州府,海门卫,桃渚所,桃渚所,浙江都指挥使司 > 台州府 > 海门卫 > 桃渚所 > 石柱,,unlocated,,,,,,《浙江通志》卷九十八〈海防四·台州府〉,https://zh.wikisource.org/wiki/%E6%B5%99%E6%B1%9F%E9%80%9A%E5%BF%97_(%E5%9B%9B%E5%BA%AB%E5%85%A8%E6%9B%B8%E6%9C%AC)/%E5%8D%B7098,本行巡司/烽堠仅为文献列于该防区，非正式隶属或实证传警线,
ZJ-MAP-0149,磊石,烽堠,台州府,海门卫,海门前所,海门前所,浙江都指挥使司 > 台州府 > 海门卫 > 海门前所 > 磊石,,unlocated,,,,,,《浙江通志》卷九十八〈海防四·台州府〉,https://zh.wikisource.org/wiki/%E6%B5%99%E6%B1%9F%E9%80%9A%E5%BF%97_(%E5%9B%9B%E5%BA%AB%E5%85%A8%E6%9B%B8%E6%9C%AC)/%E5%8D%B7098,本行巡司/烽堠仅为文献列于该防区，非正式隶属或实证传警线,
ZJ-MAP-0150,舥孛头,烽堠,台州府,海门卫,桃渚所,桃渚所,浙江都指挥使司 > 台州府 > 海门卫 > 桃渚所 > 舥孛头,,unlocated,,,,,,《浙江通志》卷九十八〈海防四·台州府〉,https://zh.wikisource.org/wiki/%E6%B5%99%E6%B1%9F%E9%80%9A%E5%BF%97_(%E5%9B%9B%E5%BA%AB%E5%85%A8%E6%9B%B8%E6%9C%AC)/%E5%8D%B7098,本行巡司/烽堠仅为文献列于该防区，非正式隶属或实证传警线,
ZJ-MAP-0151,茅头,烽堠,台州府,海门卫,健跳所,健跳所,浙江都指挥使司 > 台州府 > 海门卫 > 健跳所 > 茅头,,unlocated,,,,,,《浙江通志》卷九十八〈海防四·台州府〉,https://zh.wikisource.org/wiki/%E6%B5%99%E6%B1%9F%E9%80%9A%E5%BF%97_(%E5%9B%9B%E5%BA%AB%E5%85%A8%E6%9B%B8%E6%9C%AC)/%E5%8D%B7098,本行巡司/烽堠仅为文献列于该防区，非正式隶属或实证传警线,
ZJ-MAP-0152,轻盈,烽堠,台州府,海门卫,海门前所,海门前所,浙江都指挥使司 > 台州府 > 海门卫 > 海门前所 > 轻盈,,unlocated,,,,,,《浙江通志》卷九十八〈海防四·台州府〉,https://zh.wikisource.org/wiki/%E6%B5%99%E6%B1%9F%E9%80%9A%E5%BF%97_(%E5%9B%9B%E5%BA%AB%E5%85%A8%E6%9B%B8%E6%9C%AC)/%E5%8D%B7098,本行巡司/烽堠仅为文献列于该防区，非正式隶属或实证传警线,
ZJ-MAP-0153,长沙,烽堠,台州府,海门卫,海门前所,海门前所,浙江都指挥使司 > 台州府 > 海门卫 > 海门前所 > 长沙,,unlocated,,,,,,《浙江通志》卷九十八〈海防四·台州府〉,https://zh.wikisource.org/wiki/%E6%B5%99%E6%B1%9F%E9%80%9A%E5%BF%97_(%E5%9B%9B%E5%BA%AB%E5%85%A8%E6%9B%B8%E6%9C%AC)/%E5%8D%B7098,本行巡司/烽堠仅为文献列于该防区，非正式隶属或实证传警线,
ZJ-MAP-0154,长跳,烽堠,台州府,海门卫,桃渚所,桃渚所,浙江都指挥使司 > 台州府 > 海门卫 > 桃渚所 > 长跳,,unlocated,,,,,,《浙江通志》卷九十八〈海防四·台州府〉,https://zh.wikisource.org/wiki/%E6%B5%99%E6%B1%9F%E9%80%9A%E5%BF%97_(%E5%9B%9B%E5%BA%AB%E5%85%A8%E6%9B%B8%E6%9C%AC)/%E5%8D%B7098,本行巡司/烽堠仅为文献列于该防区，非正式隶属或实证传警线,
ZJ-MAP-0155,霓岙,烽堠,台州府,海门卫,新河所,新河所,浙江都指挥使司 > 台州府 > 海门卫 > 新河所 > 霓岙,,unlocated,,,,,,《浙江通志》卷九十八〈海防四·台州府〉,https://zh.wikisource.org/wiki/%E6%B5%99%E6%B1%9F%E9%80%9A%E5%BF%97_(%E5%9B%9B%E5%BA%AB%E5%85%A8%E6%9B%B8%E6%9C%AC)/%E5%8D%B7098,本行巡司/烽堠仅为文献列于该防区，非正式隶属或实证传警线,
ZJ-MAP-0156,墙山,烽堠,嘉兴府,海宁卫,澉浦所,澉浦所,浙江都指挥使司 > 嘉兴府 > 海宁卫 > 澉浦所 > 墙山,,unlocated,,,,,,《浙江通志》卷九十七〈海防三·嘉兴府〉,https://zh.wikisource.org/wiki/%E6%B5%99%E6%B1%9F%E9%80%9A%E5%BF%97_(%E5%9B%9B%E5%BA%AB%E5%85%A8%E6%9B%B8%E6%9C%AC)/%E5%8D%B7097,本行巡司/烽堠仅为文献列于该防区，非正式隶属或实证传警线,
ZJ-MAP-0157,庙山,烽堠,嘉兴府,海宁卫,澉浦所,澉浦所,浙江都指挥使司 > 嘉兴府 > 海宁卫 > 澉浦所 > 庙山,,unlocated,,,,,,《浙江通志》卷九十七〈海防三·嘉兴府〉,https://zh.wikisource.org/wiki/%E6%B5%99%E6%B1%9F%E9%80%9A%E5%BF%97_(%E5%9B%9B%E5%BA%AB%E5%85%A8%E6%9B%B8%E6%9C%AC)/%E5%8D%B7097,本行巡司/烽堠仅为文献列于该防区，非正式隶属或实证传警线,
ZJ-MAP-0158,秦驻,烽堠,嘉兴府,海宁卫,澉浦所,澉浦所,浙江都指挥使司 > 嘉兴府 > 海宁卫 > 澉浦所 > 秦驻,,unlocated,,,,,,《浙江通志》卷九十七〈海防三·嘉兴府〉,https://zh.wikisource.org/wiki/%E6%B5%99%E6%B1%9F%E9%80%9A%E5%BF%97_(%E5%9B%9B%E5%BA%AB%E5%85%A8%E6%9B%B8%E6%9C%AC)/%E5%8D%B7097,本行巡司/烽堠仅为文献列于该防区，非正式隶属或实证传警线,
ZJ-MAP-0159,蓝田,烽堠,嘉兴府,海宁卫,,海宁卫,浙江都指挥使司 > 嘉兴府 > 海宁卫 > 蓝田,,unlocated,,,,,,《浙江通志》卷九十七〈海防三·嘉兴府〉；《明史》卷九十〈浙江都司〉,https://zh.wikisource.org/wiki/%E6%B5%99%E6%B1%9F%E9%80%9A%E5%BF%97_(%E5%9B%9B%E5%BA%AB%E5%85%A8%E6%9B%B8%E6%9C%AC)/%E5%8D%B7097,本行巡司/烽堠仅为文献列于该防区，非正式隶属或实证传警线,
ZJ-MAP-0160,西山,烽堠,嘉兴府,海宁卫,澉浦所,澉浦所,浙江都指挥使司 > 嘉兴府 > 海宁卫 > 澉浦所 > 西山,,unlocated,,,,,,《浙江通志》卷九十七〈海防三·嘉兴府〉,https://zh.wikisource.org/wiki/%E6%B5%99%E6%B1%9F%E9%80%9A%E5%BF%97_(%E5%9B%9B%E5%BA%AB%E5%85%A8%E6%9B%B8%E6%9C%AC)/%E5%8D%B7097,本行巡司/烽堠仅为文献列于该防区，非正式隶属或实证传警线,
ZJ-MAP-0161,观山,烽堠,嘉兴府,海宁卫,乍浦所,乍浦所,浙江都指挥使司 > 嘉兴府 > 海宁卫 > 乍浦所 > 观山,,unlocated,,,,,,《浙江通志》卷九十七〈海防三·嘉兴府〉,https://zh.wikisource.org/wiki/%E6%B5%99%E6%B1%9F%E9%80%9A%E5%BF%97_(%E5%9B%9B%E5%BA%AB%E5%85%A8%E6%9B%B8%E6%9C%AC)/%E5%8D%B7097,本行巡司/烽堠仅为文献列于该防区，非正式隶属或实证传警线,
ZJ-MAP-0162,陈山,烽堠,嘉兴府,海宁卫,乍浦所,乍浦所,浙江都指挥使司 > 嘉兴府 > 海宁卫 > 乍浦所 > 陈山,,unlocated,,,,,,《浙江通志》卷九十七〈海防三·嘉兴府〉,https://zh.wikisource.org/wiki/%E6%B5%99%E6%B1%9F%E9%80%9A%E5%BF%97_(%E5%9B%9B%E5%BA%AB%E5%85%A8%E6%9B%B8%E6%9C%AC)/%E5%8D%B7097,本行巡司/烽堠仅为文献列于该防区，非正式隶属或实证传警线,
ZJ-MAP-0163,青山,烽堠,嘉兴府,海宁卫,澉浦所,澉浦所,浙江都指挥使司 > 嘉兴府 > 海宁卫 > 澉浦所 > 青山,,unlocated,,,,,,《浙江通志》卷九十七〈海防三·嘉兴府〉,https://zh.wikisource.org/wiki/%E6%B5%99%E6%B1%9F%E9%80%9A%E5%BF%97_(%E5%9B%9B%E5%BA%AB%E5%85%A8%E6%9B%B8%E6%9C%AC)/%E5%8D%B7097,本行巡司/烽堠仅为文献列于该防区，非正式隶属或实证传警线,
ZJ-MAP-0164,高公山,烽堠,嘉兴府,海宁卫,乍浦所,乍浦所,浙江都指挥使司 > 嘉兴府 > 海宁卫 > 乍浦所 > 高公山,,unlocated,,,,,,《浙江通志》卷九十七〈海防三·嘉兴府〉,https://zh.wikisource.org/wiki/%E6%B5%99%E6%B1%9F%E9%80%9A%E5%BF%97_(%E5%9B%9B%E5%BA%AB%E5%85%A8%E6%9B%B8%E6%9C%AC)/%E5%8D%B7097,本行巡司/烽堠仅为文献列于该防区，非正式隶属或实证传警线,
ZJ-MAP-0165,候涛山,烽堠,宁波府,定海卫,,定海卫,浙江都指挥使司 > 宁波府 > 定海卫 > 候涛山,,unlocated,,,,,,《浙江通志》卷九十七〈海防三·宁波府〉；《明史》卷九十〈浙江都司〉,https://zh.wikisource.org/wiki/%E6%B5%99%E6%B1%9F%E9%80%9A%E5%BF%97_(%E5%9B%9B%E5%BA%AB%E5%85%A8%E6%9B%B8%E6%9C%AC)/%E5%8D%B7097,本行巡司/烽堠仅为文献列于该防区，非正式隶属或实证传警线,
ZJ-MAP-0166,包家墩,烽堠,宁波府,定海卫,舟山中中所／舟山中左所（合列）,舟山中中所／舟山中左所（合列）,浙江都指挥使司 > 宁波府 > 定海卫 > 舟山中中所／舟山中左所（合列） > 包家墩,,unlocated,,,,,,《浙江通志》卷九十七〈海防三·宁波府〉,https://zh.wikisource.org/wiki/%E6%B5%99%E6%B1%9F%E9%80%9A%E5%BF%97_(%E5%9B%9B%E5%BA%AB%E5%85%A8%E6%9B%B8%E6%9C%AC)/%E5%8D%B7097,合列仅为名录索引，并非新的卫所机构；所辖各基层设施未能拆分到单个所,
ZJ-MAP-0167,外湖,烽堠,宁波府,定海卫,舟山中中所／舟山中左所（合列）,舟山中中所／舟山中左所（合列）,浙江都指挥使司 > 宁波府 > 定海卫 > 舟山中中所／舟山中左所（合列） > 外湖,,unlocated,,,,,,《浙江通志》卷九十七〈海防三·宁波府〉,https://zh.wikisource.org/wiki/%E6%B5%99%E6%B1%9F%E9%80%9A%E5%BF%97_(%E5%9B%9B%E5%BA%AB%E5%85%A8%E6%9B%B8%E6%9C%AC)/%E5%8D%B7097,合列仅为名录索引，并非新的卫所机构；所辖各基层设施未能拆分到单个所,
ZJ-MAP-0168,大千,烽堠,宁波府,定海卫,大嵩所,大嵩所,浙江都指挥使司 > 宁波府 > 定海卫 > 大嵩所 > 大千,,unlocated,,,,,,《浙江通志》卷九十七〈海防三·宁波府〉,https://zh.wikisource.org/wiki/%E6%B5%99%E6%B1%9F%E9%80%9A%E5%BF%97_(%E5%9B%9B%E5%BA%AB%E5%85%A8%E6%9B%B8%E6%9C%AC)/%E5%8D%B7097,本行巡司/烽堠仅为文献列于该防区，非正式隶属或实证传警线,
ZJ-MAP-0169,大尖冈,烽堠,宁波府,定海卫,,定海卫,浙江都指挥使司 > 宁波府 > 定海卫 > 大尖冈,,unlocated,,,,,,《浙江通志》卷九十七〈海防三·宁波府〉；《明史》卷九十〈浙江都司〉,https://zh.wikisource.org/wiki/%E6%B5%99%E6%B1%9F%E9%80%9A%E5%BF%97_(%E5%9B%9B%E5%BA%AB%E5%85%A8%E6%9B%B8%E6%9C%AC)/%E5%8D%B7097,本行巡司/烽堠仅为文献列于该防区，非正式隶属或实证传警线,
ZJ-MAP-0170,大鱼湾,烽堠,宁波府,定海卫,,定海卫,浙江都指挥使司 > 宁波府 > 定海卫 > 大鱼湾,,unlocated,,,,,,《浙江通志》卷九十七〈海防三·宁波府〉；《明史》卷九十〈浙江都司〉,https://zh.wikisource.org/wiki/%E6%B5%99%E6%B1%9F%E9%80%9A%E5%BF%97_(%E5%9B%9B%E5%BA%AB%E5%85%A8%E6%9B%B8%E6%9C%AC)/%E5%8D%B7097,本行巡司/烽堠仅为文献列于该防区，非正式隶属或实证传警线,
ZJ-MAP-0171,奇岙,烽堠,宁波府,定海卫,舟山中中所／舟山中左所（合列）,舟山中中所／舟山中左所（合列）,浙江都指挥使司 > 宁波府 > 定海卫 > 舟山中中所／舟山中左所（合列） > 奇岙,,unlocated,,,,,,《浙江通志》卷九十七〈海防三·宁波府〉,https://zh.wikisource.org/wiki/%E6%B5%99%E6%B1%9F%E9%80%9A%E5%BF%97_(%E5%9B%9B%E5%BA%AB%E5%85%A8%E6%9B%B8%E6%9C%AC)/%E5%8D%B7097,合列仅为名录索引，并非新的卫所机构；所辖各基层设施未能拆分到单个所,
ZJ-MAP-0172,季屿,烽堠,宁波府,定海卫,,定海卫,浙江都指挥使司 > 宁波府 > 定海卫 > 季屿,,unlocated,,,,,,《浙江通志》卷九十七〈海防三·宁波府〉；《明史》卷九十〈浙江都司〉,https://zh.wikisource.org/wiki/%E6%B5%99%E6%B1%9F%E9%80%9A%E5%BF%97_(%E5%9B%9B%E5%BA%AB%E5%85%A8%E6%9B%B8%E6%9C%AC)/%E5%8D%B7097,本行巡司/烽堠仅为文献列于该防区，非正式隶属或实证传警线,
ZJ-MAP-0173,小展,烽堠,宁波府,定海卫,舟山中中所／舟山中左所（合列）,舟山中中所／舟山中左所（合列）,浙江都指挥使司 > 宁波府 > 定海卫 > 舟山中中所／舟山中左所（合列） > 小展,,unlocated,,,,,,《浙江通志》卷九十七〈海防三·宁波府〉,https://zh.wikisource.org/wiki/%E6%B5%99%E6%B1%9F%E9%80%9A%E5%BF%97_(%E5%9B%9B%E5%BA%AB%E5%85%A8%E6%9B%B8%E6%9C%AC)/%E5%8D%B7097,合列仅为名录索引，并非新的卫所机构；所辖各基层设施未能拆分到单个所,
ZJ-MAP-0174,小山,烽堠,宁波府,定海卫,,定海卫,浙江都指挥使司 > 宁波府 > 定海卫 > 小山,,unlocated,,,,,,《浙江通志》卷九十七〈海防三·宁波府〉；《明史》卷九十〈浙江都司〉,https://zh.wikisource.org/wiki/%E6%B5%99%E6%B1%9F%E9%80%9A%E5%BF%97_(%E5%9B%9B%E5%BA%AB%E5%85%A8%E6%9B%B8%E6%9C%AC)/%E5%8D%B7097,本行巡司/烽堠仅为文献列于该防区，非正式隶属或实证传警线,
ZJ-MAP-0175,尖崎,烽堠,宁波府,定海卫,大嵩所,大嵩所,浙江都指挥使司 > 宁波府 > 定海卫 > 大嵩所 > 尖崎,,unlocated,,,,,,《浙江通志》卷九十七〈海防三·宁波府〉,https://zh.wikisource.org/wiki/%E6%B5%99%E6%B1%9F%E9%80%9A%E5%BF%97_(%E5%9B%9B%E5%BA%AB%E5%85%A8%E6%9B%B8%E6%9C%AC)/%E5%8D%B7097,本行巡司/烽堠仅为文献列于该防区，非正式隶属或实证传警线,
ZJ-MAP-0176,屿山,烽堠,宁波府,定海卫,穿山后所,穿山后所,浙江都指挥使司 > 宁波府 > 定海卫 > 穿山后所 > 屿山,,unlocated,,,,,,《浙江通志》卷九十七〈海防三·宁波府〉,https://zh.wikisource.org/wiki/%E6%B5%99%E6%B1%9F%E9%80%9A%E5%BF%97_(%E5%9B%9B%E5%BA%AB%E5%85%A8%E6%9B%B8%E6%9C%AC)/%E5%8D%B7097,本行巡司/烽堠仅为文献列于该防区，非正式隶属或实证传警线,
ZJ-MAP-0177,嵩子山,烽堠,宁波府,定海卫,穿山后所,穿山后所,浙江都指挥使司 > 宁波府 > 定海卫 > 穿山后所 > 嵩子山,,unlocated,,,,,,《浙江通志》卷九十七〈海防三·宁波府〉,https://zh.wikisource.org/wiki/%E6%B5%99%E6%B1%9F%E9%80%9A%E5%BF%97_(%E5%9B%9B%E5%BA%AB%E5%85%A8%E6%9B%B8%E6%9C%AC)/%E5%8D%B7097,本行巡司/烽堠仅为文献列于该防区，非正式隶属或实证传警线,
ZJ-MAP-0178,张师浦,烽堠,宁波府,定海卫,,定海卫,浙江都指挥使司 > 宁波府 > 定海卫 > 张师浦,,unlocated,,,,,,《浙江通志》卷九十七〈海防三·宁波府〉；《明史》卷九十〈浙江都司〉,https://zh.wikisource.org/wiki/%E6%B5%99%E6%B1%9F%E9%80%9A%E5%BF%97_(%E5%9B%9B%E5%BA%AB%E5%85%A8%E6%9B%B8%E6%9C%AC)/%E5%8D%B7097,本行巡司/烽堠仅为文献列于该防区，非正式隶属或实证传警线,
ZJ-MAP-0179,慈岙,烽堠,宁波府,定海卫,大嵩所,大嵩所,浙江都指挥使司 > 宁波府 > 定海卫 > 大嵩所 > 慈岙,,confirmed,29.783533,121.845639,慈岙烽火台,ZJ-NB-BL-0015,春晓镇民丰村北侧,《浙江通志》卷九十七〈海防三·宁波府〉,https://zh.wikisource.org/wiki/%E6%B5%99%E6%B1%9F%E9%80%9A%E5%BF%97_(%E5%9B%9B%E5%BA%AB%E5%85%A8%E6%9B%B8%E6%9C%AC)/%E5%8D%B7097,本行巡司/烽堠仅为文献列于该防区，非正式隶属或实证传警线,
ZJ-MAP-0180,所后,烽堠,宁波府,定海卫,穿山后所,穿山后所,浙江都指挥使司 > 宁波府 > 定海卫 > 穿山后所 > 所后,,unlocated,,,,,,《浙江通志》卷九十七〈海防三·宁波府〉,https://zh.wikisource.org/wiki/%E6%B5%99%E6%B1%9F%E9%80%9A%E5%BF%97_(%E5%9B%9B%E5%BA%AB%E5%85%A8%E6%9B%B8%E6%9C%AC)/%E5%8D%B7097,本行巡司/烽堠仅为文献列于该防区，非正式隶属或实证传警线,
ZJ-MAP-0181,打鼓山,烽堠,宁波府,定海卫,,定海卫,浙江都指挥使司 > 宁波府 > 定海卫 > 打鼓山,,unlocated,,,,,,《浙江通志》卷九十七〈海防三·宁波府〉；《明史》卷九十〈浙江都司〉,https://zh.wikisource.org/wiki/%E6%B5%99%E6%B1%9F%E9%80%9A%E5%BF%97_(%E5%9B%9B%E5%BA%AB%E5%85%A8%E6%9B%B8%E6%9C%AC)/%E5%8D%B7097,本行巡司/烽堠仅为文献列于该防区，非正式隶属或实证传警线,
ZJ-MAP-0182,接待,烽堠,宁波府,定海卫,舟山中中所／舟山中左所（合列）,舟山中中所／舟山中左所（合列）,浙江都指挥使司 > 宁波府 > 定海卫 > 舟山中中所／舟山中左所（合列） > 接待,,unlocated,,,,,,《浙江通志》卷九十七〈海防三·宁波府〉,https://zh.wikisource.org/wiki/%E6%B5%99%E6%B1%9F%E9%80%9A%E5%BF%97_(%E5%9B%9B%E5%BA%AB%E5%85%A8%E6%9B%B8%E6%9C%AC)/%E5%8D%B7097,合列仅为名录索引，并非新的卫所机构；所辖各基层设施未能拆分到单个所,
ZJ-MAP-0183,撩虾埠,烽堠,宁波府,定海卫,穿山后所,穿山后所,浙江都指挥使司 > 宁波府 > 定海卫 > 穿山后所 > 撩虾埠,,unlocated,,,,,,《浙江通志》卷九十七〈海防三·宁波府〉,https://zh.wikisource.org/wiki/%E6%B5%99%E6%B1%9F%E9%80%9A%E5%BF%97_(%E5%9B%9B%E5%BA%AB%E5%85%A8%E6%9B%B8%E6%9C%AC)/%E5%8D%B7097,本行巡司/烽堠仅为文献列于该防区，非正式隶属或实证传警线,
ZJ-MAP-0184,昆亭,烽堠,宁波府,定海卫,大嵩所,大嵩所,浙江都指挥使司 > 宁波府 > 定海卫 > 大嵩所 > 昆亭,,unlocated,,,,,,《浙江通志》卷九十七〈海防三·宁波府〉,https://zh.wikisource.org/wiki/%E6%B5%99%E6%B1%9F%E9%80%9A%E5%BF%97_(%E5%9B%9B%E5%BA%AB%E5%85%A8%E6%9B%B8%E6%9C%AC)/%E5%8D%B7097,本行巡司/烽堠仅为文献列于该防区，非正式隶属或实证传警线,
ZJ-MAP-0185,梅山,烽堠,宁波府,定海卫,霩衢所,霩衢所,浙江都指挥使司 > 宁波府 > 定海卫 > 霩衢所 > 梅山,,confirmed,29.811006,122.02195,梅山烽火台,ZJ-NB-BL-0020,梅山街道梅东村炮台下自然村北侧炮台山山顶,《浙江通志》卷九十七〈海防三·宁波府〉,https://zh.wikisource.org/wiki/%E6%B5%99%E6%B1%9F%E9%80%9A%E5%BF%97_(%E5%9B%9B%E5%BA%AB%E5%85%A8%E6%9B%B8%E6%9C%AC)/%E5%8D%B7097,本行巡司/烽堠仅为文献列于该防区，非正式隶属或实证传警线,
ZJ-MAP-0186,横山,烽堠,宁波府,定海卫,大嵩所,大嵩所,浙江都指挥使司 > 宁波府 > 定海卫 > 大嵩所 > 横山,,confirmed,29.6676,121.797685,横山烽火台,ZJ-NB-YZ-0004,咸祥镇横山村横山山麓,《浙江通志》卷九十七〈海防三·宁波府〉,https://zh.wikisource.org/wiki/%E6%B5%99%E6%B1%9F%E9%80%9A%E5%BF%97_(%E5%9B%9B%E5%BA%AB%E5%85%A8%E6%9B%B8%E6%9C%AC)/%E5%8D%B7097,本行巡司/烽堠仅为文献列于该防区，非正式隶属或实证传警线,
ZJ-MAP-0187,汪家路,烽堠,宁波府,定海卫,,定海卫,浙江都指挥使司 > 宁波府 > 定海卫 > 汪家路,,unlocated,,,,,,《浙江通志》卷九十七〈海防三·宁波府〉；《明史》卷九十〈浙江都司〉,https://zh.wikisource.org/wiki/%E6%B5%99%E6%B1%9F%E9%80%9A%E5%BF%97_(%E5%9B%9B%E5%BA%AB%E5%85%A8%E6%9B%B8%E6%9C%AC)/%E5%8D%B7097,本行巡司/烽堠仅为文献列于该防区，非正式隶属或实证传警线,
ZJ-MAP-0188,沈家门,烽堠,宁波府,定海卫,舟山中中所／舟山中左所（合列）,舟山中中所／舟山中左所（合列）,浙江都指挥使司 > 宁波府 > 定海卫 > 舟山中中所／舟山中左所（合列） > 沈家门,,unlocated,,,,,,《浙江通志》卷九十七〈海防三·宁波府〉,https://zh.wikisource.org/wiki/%E6%B5%99%E6%B1%9F%E9%80%9A%E5%BF%97_(%E5%9B%9B%E5%BA%AB%E5%85%A8%E6%9B%B8%E6%9C%AC)/%E5%8D%B7097,合列仅为名录索引，并非新的卫所机构；所辖各基层设施未能拆分到单个所,
ZJ-MAP-0189,港口,烽堠,宁波府,定海卫,大嵩所,大嵩所,浙江都指挥使司 > 宁波府 > 定海卫 > 大嵩所 > 港口,,unlocated,,,,,,《浙江通志》卷九十七〈海防三·宁波府〉,https://zh.wikisource.org/wiki/%E6%B5%99%E6%B1%9F%E9%80%9A%E5%BF%97_(%E5%9B%9B%E5%BA%AB%E5%85%A8%E6%9B%B8%E6%9C%AC)/%E5%8D%B7097,本行巡司/烽堠仅为文献列于该防区，非正式隶属或实证传警线,
ZJ-MAP-0190,白峰,烽堠,宁波府,定海卫,穿山后所,穿山后所,浙江都指挥使司 > 宁波府 > 定海卫 > 穿山后所 > 白峰,,unlocated,,,,,,《浙江通志》卷九十七〈海防三·宁波府〉,https://zh.wikisource.org/wiki/%E6%B5%99%E6%B1%9F%E9%80%9A%E5%BF%97_(%E5%9B%9B%E5%BA%AB%E5%85%A8%E6%9B%B8%E6%9C%AC)/%E5%8D%B7097,本行巡司/烽堠仅为文献列于该防区，非正式隶属或实证传警线,
ZJ-MAP-0191,盛岙,烽堠,宁波府,定海卫,霩衢所,霩衢所,浙江都指挥使司 > 宁波府 > 定海卫 > 霩衢所 > 盛岙,,unlocated,,,,,,《浙江通志》卷九十七〈海防三·宁波府〉,https://zh.wikisource.org/wiki/%E6%B5%99%E6%B1%9F%E9%80%9A%E5%BF%97_(%E5%9B%9B%E5%BA%AB%E5%85%A8%E6%9B%B8%E6%9C%AC)/%E5%8D%B7097,本行巡司/烽堠仅为文献列于该防区，非正式隶属或实证传警线,
ZJ-MAP-0192,石墙山,烽堠,宁波府,定海卫,舟山中中所／舟山中左所（合列）,舟山中中所／舟山中左所（合列）,浙江都指挥使司 > 宁波府 > 定海卫 > 舟山中中所／舟山中左所（合列） > 石墙山,,unlocated,,,,,,《浙江通志》卷九十七〈海防三·宁波府〉,https://zh.wikisource.org/wiki/%E6%B5%99%E6%B1%9F%E9%80%9A%E5%BF%97_(%E5%9B%9B%E5%BA%AB%E5%85%A8%E6%9B%B8%E6%9C%AC)/%E5%8D%B7097,合列仅为名录索引，并非新的卫所机构；所辖各基层设施未能拆分到单个所,
ZJ-MAP-0193,石墠,烽堠,宁波府,定海卫,舟山中中所／舟山中左所（合列）,舟山中中所／舟山中左所（合列）,浙江都指挥使司 > 宁波府 > 定海卫 > 舟山中中所／舟山中左所（合列） > 石墠,,unlocated,,,,,,《浙江通志》卷九十七〈海防三·宁波府〉,https://zh.wikisource.org/wiki/%E6%B5%99%E6%B1%9F%E9%80%9A%E5%BF%97_(%E5%9B%9B%E5%BA%AB%E5%85%A8%E6%9B%B8%E6%9C%AC)/%E5%8D%B7097,合列仅为名录索引，并非新的卫所机构；所辖各基层设施未能拆分到单个所,
ZJ-MAP-0194,石衕,烽堠,宁波府,定海卫,舟山中中所／舟山中左所（合列）,舟山中中所／舟山中左所（合列）,浙江都指挥使司 > 宁波府 > 定海卫 > 舟山中中所／舟山中左所（合列） > 石衕,,unlocated,,,,,,《浙江通志》卷九十七〈海防三·宁波府〉,https://zh.wikisource.org/wiki/%E6%B5%99%E6%B1%9F%E9%80%9A%E5%BF%97_(%E5%9B%9B%E5%BA%AB%E5%85%A8%E6%9B%B8%E6%9C%AC)/%E5%8D%B7097,合列仅为名录索引，并非新的卫所机构；所辖各基层设施未能拆分到单个所,
ZJ-MAP-0195,碇齿,烽堠,宁波府,定海卫,舟山中中所／舟山中左所（合列）,舟山中中所／舟山中左所（合列）,浙江都指挥使司 > 宁波府 > 定海卫 > 舟山中中所／舟山中左所（合列） > 碇齿,,unlocated,,,,,,《浙江通志》卷九十七〈海防三·宁波府〉,https://zh.wikisource.org/wiki/%E6%B5%99%E6%B1%9F%E9%80%9A%E5%BF%97_(%E5%9B%9B%E5%BA%AB%E5%85%A8%E6%9B%B8%E6%9C%AC)/%E5%8D%B7097,合列仅为名录索引，并非新的卫所机构；所辖各基层设施未能拆分到单个所,
ZJ-MAP-0196,碶头,烽堠,宁波府,定海卫,穿山后所,穿山后所,浙江都指挥使司 > 宁波府 > 定海卫 > 穿山后所 > 碶头,,unlocated,,,,,,《浙江通志》卷九十七〈海防三·宁波府〉,https://zh.wikisource.org/wiki/%E6%B5%99%E6%B1%9F%E9%80%9A%E5%BF%97_(%E5%9B%9B%E5%BA%AB%E5%85%A8%E6%9B%B8%E6%9C%AC)/%E5%8D%B7097,本行巡司/烽堠仅为文献列于该防区，非正式隶属或实证传警线,
ZJ-MAP-0197,程家墩,烽堠,宁波府,定海卫,舟山中中所／舟山中左所（合列）,舟山中中所／舟山中左所（合列）,浙江都指挥使司 > 宁波府 > 定海卫 > 舟山中中所／舟山中左所（合列） > 程家墩,,unlocated,,,,,,《浙江通志》卷九十七〈海防三·宁波府〉,https://zh.wikisource.org/wiki/%E6%B5%99%E6%B1%9F%E9%80%9A%E5%BF%97_(%E5%9B%9B%E5%BA%AB%E5%85%A8%E6%9B%B8%E6%9C%AC)/%E5%8D%B7097,合列仅为名录索引，并非新的卫所机构；所辖各基层设施未能拆分到单个所,
ZJ-MAP-0198,竺山,烽堠,宁波府,定海卫,,定海卫,浙江都指挥使司 > 宁波府 > 定海卫 > 竺山,,unlocated,,,,,,《浙江通志》卷九十七〈海防三·宁波府〉；《明史》卷九十〈浙江都司〉,https://zh.wikisource.org/wiki/%E6%B5%99%E6%B1%9F%E9%80%9A%E5%BF%97_(%E5%9B%9B%E5%BA%AB%E5%85%A8%E6%9B%B8%E6%9C%AC)/%E5%8D%B7097,本行巡司/烽堠仅为文献列于该防区，非正式隶属或实证传警线,
ZJ-MAP-0199,舟山,烽堠,宁波府,定海卫,舟山中中所／舟山中左所（合列）,舟山中中所／舟山中左所（合列）,浙江都指挥使司 > 宁波府 > 定海卫 > 舟山中中所／舟山中左所（合列） > 舟山,,unlocated,,,,,,《浙江通志》卷九十七〈海防三·宁波府〉,https://zh.wikisource.org/wiki/%E6%B5%99%E6%B1%9F%E9%80%9A%E5%BF%97_(%E5%9B%9B%E5%BA%AB%E5%85%A8%E6%9B%B8%E6%9C%AC)/%E5%8D%B7097,合列仅为名录索引，并非新的卫所机构；所辖各基层设施未能拆分到单个所,
ZJ-MAP-0200,蒲沙,烽堠,宁波府,定海卫,舟山中中所／舟山中左所（合列）,舟山中中所／舟山中左所（合列）,浙江都指挥使司 > 宁波府 > 定海卫 > 舟山中中所／舟山中左所（合列） > 蒲沙,,unlocated,,,,,,《浙江通志》卷九十七〈海防三·宁波府〉,https://zh.wikisource.org/wiki/%E6%B5%99%E6%B1%9F%E9%80%9A%E5%BF%97_(%E5%9B%9B%E5%BA%AB%E5%85%A8%E6%9B%B8%E6%9C%AC)/%E5%8D%B7097,合列仅为名录索引，并非新的卫所机构；所辖各基层设施未能拆分到单个所,
ZJ-MAP-0201,虾𢈠,烽堠,宁波府,定海卫,霩衢所,霩衢所,浙江都指挥使司 > 宁波府 > 定海卫 > 霩衢所 > 虾𢈠,,candidate,29.799694,121.952362,虾腊烽火台,ZJ-NB-BL-0012,白峰镇下阳村虾腊自然村海拔50米山腰,《浙江通志》卷九十七〈海防三·宁波府〉,https://zh.wikisource.org/wiki/%E6%B5%99%E6%B1%9F%E9%80%9A%E5%BF%97_(%E5%9B%9B%E5%BA%AB%E5%85%A8%E6%9B%B8%E6%9C%AC)/%E5%8D%B7097,本行巡司/烽堠仅为文献列于该防区，非正式隶属或实证传警线,虾𢈠／虾腊字形对应关系仍待核。
ZJ-MAP-0202,蛤岙,烽堠,宁波府,定海卫,大嵩所,大嵩所,浙江都指挥使司 > 宁波府 > 定海卫 > 大嵩所 > 蛤岙,,unlocated,,,,,,《浙江通志》卷九十七〈海防三·宁波府〉,https://zh.wikisource.org/wiki/%E6%B5%99%E6%B1%9F%E9%80%9A%E5%BF%97_(%E5%9B%9B%E5%BA%AB%E5%85%A8%E6%9B%B8%E6%9C%AC)/%E5%8D%B7097,本行巡司/烽堠仅为文献列于该防区，非正式隶属或实证传警线,
ZJ-MAP-0203,螺峰,烽堠,宁波府,定海卫,舟山中中所／舟山中左所（合列）,舟山中中所／舟山中左所（合列）,浙江都指挥使司 > 宁波府 > 定海卫 > 舟山中中所／舟山中左所（合列） > 螺峰,,unlocated,,,,,,《浙江通志》卷九十七〈海防三·宁波府〉,https://zh.wikisource.org/wiki/%E6%B5%99%E6%B1%9F%E9%80%9A%E5%BF%97_(%E5%9B%9B%E5%BA%AB%E5%85%A8%E6%9B%B8%E6%9C%AC)/%E5%8D%B7097,合列仅为名录索引，并非新的卫所机构；所辖各基层设施未能拆分到单个所,
ZJ-MAP-0204,袁家碶,烽堠,宁波府,定海卫,舟山中中所／舟山中左所（合列）,舟山中中所／舟山中左所（合列）,浙江都指挥使司 > 宁波府 > 定海卫 > 舟山中中所／舟山中左所（合列） > 袁家碶,,unlocated,,,,,,《浙江通志》卷九十七〈海防三·宁波府〉,https://zh.wikisource.org/wiki/%E6%B5%99%E6%B1%9F%E9%80%9A%E5%BF%97_(%E5%9B%9B%E5%BA%AB%E5%85%A8%E6%9B%B8%E6%9C%AC)/%E5%8D%B7097,合列仅为名录索引，并非新的卫所机构；所辖各基层设施未能拆分到单个所,
ZJ-MAP-0205,西山,烽堠,宁波府,定海卫,穿山后所,穿山后所,浙江都指挥使司 > 宁波府 > 定海卫 > 穿山后所 > 西山,,unlocated,,,,,,《浙江通志》卷九十七〈海防三·宁波府〉,https://zh.wikisource.org/wiki/%E6%B5%99%E6%B1%9F%E9%80%9A%E5%BF%97_(%E5%9B%9B%E5%BA%AB%E5%85%A8%E6%9B%B8%E6%9C%AC)/%E5%8D%B7097,本行巡司/烽堠仅为文献列于该防区，非正式隶属或实证传警线,
ZJ-MAP-0206,西山,烽堠,宁波府,定海卫,舟山中中所／舟山中左所（合列）,舟山中中所／舟山中左所（合列）,浙江都指挥使司 > 宁波府 > 定海卫 > 舟山中中所／舟山中左所（合列） > 西山,,unlocated,,,,,,《浙江通志》卷九十七〈海防三·宁波府〉,https://zh.wikisource.org/wiki/%E6%B5%99%E6%B1%9F%E9%80%9A%E5%BF%97_(%E5%9B%9B%E5%BA%AB%E5%85%A8%E6%9B%B8%E6%9C%AC)/%E5%8D%B7097,合列仅为名录索引，并非新的卫所机构；所辖各基层设施未能拆分到单个所,
ZJ-MAP-0207,观山,烽堠,宁波府,定海卫,霩衢所,霩衢所,浙江都指挥使司 > 宁波府 > 定海卫 > 霩衢所 > 观山,,unlocated,,,,,,《浙江通志》卷九十七〈海防三·宁波府〉,https://zh.wikisource.org/wiki/%E6%B5%99%E6%B1%9F%E9%80%9A%E5%BF%97_(%E5%9B%9B%E5%BA%AB%E5%85%A8%E6%9B%B8%E6%9C%AC)/%E5%8D%B7097,本行巡司/烽堠仅为文献列于该防区，非正式隶属或实证传警线,
ZJ-MAP-0208,谢浦,烽堠,宁波府,定海卫,舟山中中所／舟山中左所（合列）,舟山中中所／舟山中左所（合列）,浙江都指挥使司 > 宁波府 > 定海卫 > 舟山中中所／舟山中左所（合列） > 谢浦,,unlocated,,,,,,《浙江通志》卷九十七〈海防三·宁波府〉,https://zh.wikisource.org/wiki/%E6%B5%99%E6%B1%9F%E9%80%9A%E5%BF%97_(%E5%9B%9B%E5%BA%AB%E5%85%A8%E6%9B%B8%E6%9C%AC)/%E5%8D%B7097,合列仅为名录索引，并非新的卫所机构；所辖各基层设施未能拆分到单个所,
ZJ-MAP-0209,赤石,烽堠,宁波府,定海卫,舟山中中所／舟山中左所（合列）,舟山中中所／舟山中左所（合列）,浙江都指挥使司 > 宁波府 > 定海卫 > 舟山中中所／舟山中左所（合列） > 赤石,,unlocated,,,,,,《浙江通志》卷九十七〈海防三·宁波府〉,https://zh.wikisource.org/wiki/%E6%B5%99%E6%B1%9F%E9%80%9A%E5%BF%97_(%E5%9B%9B%E5%BA%AB%E5%85%A8%E6%9B%B8%E6%9C%AC)/%E5%8D%B7097,合列仅为名录索引，并非新的卫所机构；所辖各基层设施未能拆分到单个所,
ZJ-MAP-0210,郎家碶,烽堠,宁波府,定海卫,舟山中中所／舟山中左所（合列）,舟山中中所／舟山中左所（合列）,浙江都指挥使司 > 宁波府 > 定海卫 > 舟山中中所／舟山中左所（合列） > 郎家碶,,unlocated,,,,,,《浙江通志》卷九十七〈海防三·宁波府〉,https://zh.wikisource.org/wiki/%E6%B5%99%E6%B1%9F%E9%80%9A%E5%BF%97_(%E5%9B%9B%E5%BA%AB%E5%85%A8%E6%9B%B8%E6%9C%AC)/%E5%8D%B7097,合列仅为名录索引，并非新的卫所机构；所辖各基层设施未能拆分到单个所,
ZJ-MAP-0211,钓屿,烽堠,宁波府,定海卫,舟山中中所／舟山中左所（合列）,舟山中中所／舟山中左所（合列）,浙江都指挥使司 > 宁波府 > 定海卫 > 舟山中中所／舟山中左所（合列） > 钓屿,,unlocated,,,,,,《浙江通志》卷九十七〈海防三·宁波府〉,https://zh.wikisource.org/wiki/%E6%B5%99%E6%B1%9F%E9%80%9A%E5%BF%97_(%E5%9B%9B%E5%BA%AB%E5%85%A8%E6%9B%B8%E6%9C%AC)/%E5%8D%B7097,合列仅为名录索引，并非新的卫所机构；所辖各基层设施未能拆分到单个所,
ZJ-MAP-0212,锅盖,烽堠,宁波府,定海卫,穿山后所,穿山后所,浙江都指挥使司 > 宁波府 > 定海卫 > 穿山后所 > 锅盖,,unlocated,,,,,,《浙江通志》卷九十七〈海防三·宁波府〉,https://zh.wikisource.org/wiki/%E6%B5%99%E6%B1%9F%E9%80%9A%E5%BF%97_(%E5%9B%9B%E5%BA%AB%E5%85%A8%E6%9B%B8%E6%9C%AC)/%E5%8D%B7097,本行巡司/烽堠仅为文献列于该防区，非正式隶属或实证传警线,
ZJ-MAP-0213,长山,烽堠,宁波府,定海卫,,定海卫,浙江都指挥使司 > 宁波府 > 定海卫 > 长山,,unlocated,,,,,,《浙江通志》卷九十七〈海防三·宁波府〉；《明史》卷九十〈浙江都司〉,https://zh.wikisource.org/wiki/%E6%B5%99%E6%B1%9F%E9%80%9A%E5%BF%97_(%E5%9B%9B%E5%BA%AB%E5%85%A8%E6%9B%B8%E6%9C%AC)/%E5%8D%B7097,本行巡司/烽堠仅为文献列于该防区，非正式隶属或实证传警线,
ZJ-MAP-0214,高山,烽堠,宁波府,定海卫,,定海卫,浙江都指挥使司 > 宁波府 > 定海卫 > 高山,,unlocated,,,,,,《浙江通志》卷九十七〈海防三·宁波府〉；《明史》卷九十〈浙江都司〉,https://zh.wikisource.org/wiki/%E6%B5%99%E6%B1%9F%E9%80%9A%E5%BF%97_(%E5%9B%9B%E5%BA%AB%E5%85%A8%E6%9B%B8%E6%9C%AC)/%E5%8D%B7097,本行巡司/烽堠仅为文献列于该防区，非正式隶属或实证传警线,
ZJ-MAP-0215,高山,烽堠,宁波府,定海卫,霩衢所,霩衢所,浙江都指挥使司 > 宁波府 > 定海卫 > 霩衢所 > 高山,,unlocated,,,,,,《浙江通志》卷九十七〈海防三·宁波府〉,https://zh.wikisource.org/wiki/%E6%B5%99%E6%B1%9F%E9%80%9A%E5%BF%97_(%E5%9B%9B%E5%BA%AB%E5%85%A8%E6%9B%B8%E6%9C%AC)/%E5%8D%B7097,本行巡司/烽堠仅为文献列于该防区，非正式隶属或实证传警线,
ZJ-MAP-0216,鸬鹚,烽堠,宁波府,定海卫,,定海卫,浙江都指挥使司 > 宁波府 > 定海卫 > 鸬鹚,,unlocated,,,,,,《浙江通志》卷九十七〈海防三·宁波府〉；《明史》卷九十〈浙江都司〉,https://zh.wikisource.org/wiki/%E6%B5%99%E6%B1%9F%E9%80%9A%E5%BF%97_(%E5%9B%9B%E5%BA%AB%E5%85%A8%E6%9B%B8%E6%9C%AC)/%E5%8D%B7097,本行巡司/烽堠仅为文献列于该防区，非正式隶属或实证传警线,
ZJ-MAP-0217,鸬𪃢,烽堠,宁波府,定海卫,,定海卫,浙江都指挥使司 > 宁波府 > 定海卫 > 鸬𪃢,,unlocated,,,,,,《浙江通志》卷九十七〈海防三·宁波府〉；《明史》卷九十〈浙江都司〉,https://zh.wikisource.org/wiki/%E6%B5%99%E6%B1%9F%E9%80%9A%E5%BF%97_(%E5%9B%9B%E5%BA%AB%E5%85%A8%E6%9B%B8%E6%9C%AC)/%E5%8D%B7097,本行巡司/烽堠仅为文献列于该防区，非正式隶属或实证传警线,
ZJ-MAP-0218,鹿颈,烽堠,宁波府,定海卫,舟山中中所／舟山中左所（合列）,舟山中中所／舟山中左所（合列）,浙江都指挥使司 > 宁波府 > 定海卫 > 舟山中中所／舟山中左所（合列） > 鹿颈,,unlocated,,,,,,《浙江通志》卷九十七〈海防三·宁波府〉,https://zh.wikisource.org/wiki/%E6%B5%99%E6%B1%9F%E9%80%9A%E5%BF%97_(%E5%9B%9B%E5%BA%AB%E5%85%A8%E6%9B%B8%E6%9C%AC)/%E5%8D%B7097,合列仅为名录索引，并非新的卫所机构；所辖各基层设施未能拆分到单个所,
ZJ-MAP-0219,黄岩,烽堠,宁波府,定海卫,大嵩所,大嵩所,浙江都指挥使司 > 宁波府 > 定海卫 > 大嵩所 > 黄岩,,unlocated,,,,,,《浙江通志》卷九十七〈海防三·宁波府〉,https://zh.wikisource.org/wiki/%E6%B5%99%E6%B1%9F%E9%80%9A%E5%BF%97_(%E5%9B%9B%E5%BA%AB%E5%85%A8%E6%9B%B8%E6%9C%AC)/%E5%8D%B7097,本行巡司/烽堠仅为文献列于该防区，非正式隶属或实证传警线,
ZJ-MAP-0220,黄崎,烽堠,宁波府,定海卫,穿山后所,穿山后所,浙江都指挥使司 > 宁波府 > 定海卫 > 穿山后所 > 黄崎,,unlocated,,,,,,《浙江通志》卷九十七〈海防三·宁波府〉,https://zh.wikisource.org/wiki/%E6%B5%99%E6%B1%9F%E9%80%9A%E5%BF%97_(%E5%9B%9B%E5%BA%AB%E5%85%A8%E6%9B%B8%E6%9C%AC)/%E5%8D%B7097,本行巡司/烽堠仅为文献列于该防区，非正式隶属或实证传警线,
ZJ-MAP-0221,下岙,烽堠,宁波府,昌国卫,石浦前所／石浦后所（合列）,石浦前所／石浦后所（合列）,浙江都指挥使司 > 宁波府 > 昌国卫 > 石浦前所／石浦后所（合列） > 下岙,,unlocated,,,,,,《浙江通志》卷九十七〈海防三·宁波府〉,https://zh.wikisource.org/wiki/%E6%B5%99%E6%B1%9F%E9%80%9A%E5%BF%97_(%E5%9B%9B%E5%BA%AB%E5%85%A8%E6%9B%B8%E6%9C%AC)/%E5%8D%B7097,合列仅为名录索引，并非新的卫所机构；所辖各基层设施未能拆分到单个所,
ZJ-MAP-0222,东门岭,烽堠,宁波府,昌国卫,钱仓所,钱仓所,浙江都指挥使司 > 宁波府 > 昌国卫 > 钱仓所 > 东门岭,,confirmed,29.6028,121.973293,东门岭烽火台,ZJ-NB-XS-0005,涂茨镇钱仓村北750米东门岭上,《浙江通志》卷九十七〈海防三·宁波府〉,https://zh.wikisource.org/wiki/%E6%B5%99%E6%B1%9F%E9%80%9A%E5%BF%97_(%E5%9B%9B%E5%BA%AB%E5%85%A8%E6%9B%B8%E6%9C%AC)/%E5%8D%B7097,本行巡司/烽堠仅为文献列于该防区，非正式隶属或实证传警线,
ZJ-MAP-0223,中堡楼,烽堠,宁波府,昌国卫,钱仓所,钱仓所,浙江都指挥使司 > 宁波府 > 昌国卫 > 钱仓所 > 中堡楼,,unlocated,,,,,,《浙江通志》卷九十七〈海防三·宁波府〉,https://zh.wikisource.org/wiki/%E6%B5%99%E6%B1%9F%E9%80%9A%E5%BF%97_(%E5%9B%9B%E5%BA%AB%E5%85%A8%E6%9B%B8%E6%9C%AC)/%E5%8D%B7097,本行巡司/烽堠仅为文献列于该防区，非正式隶属或实证传警线,
ZJ-MAP-0224,乌石,烽堠,宁波府,昌国卫,,昌国卫,浙江都指挥使司 > 宁波府 > 昌国卫 > 乌石,,unlocated,,,,,,《浙江通志》卷九十七〈海防三·宁波府〉；《明史》卷九十〈浙江都司〉,https://zh.wikisource.org/wiki/%E6%B5%99%E6%B1%9F%E9%80%9A%E5%BF%97_(%E5%9B%9B%E5%BA%AB%E5%85%A8%E6%9B%B8%E6%9C%AC)/%E5%8D%B7097,本行巡司/烽堠仅为文献列于该防区，非正式隶属或实证传警线,
ZJ-MAP-0225,仁义,烽堠,宁波府,昌国卫,,昌国卫,浙江都指挥使司 > 宁波府 > 昌国卫 > 仁义,,unlocated,,,,,,《浙江通志》卷九十七〈海防三·宁波府〉；《明史》卷九十〈浙江都司〉,https://zh.wikisource.org/wiki/%E6%B5%99%E6%B1%9F%E9%80%9A%E5%BF%97_(%E5%9B%9B%E5%BA%AB%E5%85%A8%E6%9B%B8%E6%9C%AC)/%E5%8D%B7097,本行巡司/烽堠仅为文献列于该防区，非正式隶属或实证传警线,
ZJ-MAP-0226,何家岙,烽堠,宁波府,昌国卫,,昌国卫,浙江都指挥使司 > 宁波府 > 昌国卫 > 何家岙,,unlocated,,,,,,《浙江通志》卷九十七〈海防三·宁波府〉；《明史》卷九十〈浙江都司〉,https://zh.wikisource.org/wiki/%E6%B5%99%E6%B1%9F%E9%80%9A%E5%BF%97_(%E5%9B%9B%E5%BA%AB%E5%85%A8%E6%9B%B8%E6%9C%AC)/%E5%8D%B7097,本行巡司/烽堠仅为文献列于该防区，非正式隶属或实证传警线,
ZJ-MAP-0227,公屿,烽堠,宁波府,昌国卫,爵溪所,爵溪所,浙江都指挥使司 > 宁波府 > 昌国卫 > 爵溪所 > 公屿,,confirmed,29.506494,121.945299,公屿峰堠（周家山防倭烽火台）,ZJ-NB-XS-0010,爵溪街道公屿农村周家山岗顶上,《浙江通志》卷九十七〈海防三·宁波府〉,https://zh.wikisource.org/wiki/%E6%B5%99%E6%B1%9F%E9%80%9A%E5%BF%97_(%E5%9B%9B%E5%BA%AB%E5%85%A8%E6%9B%B8%E6%9C%AC)/%E5%8D%B7097,本行巡司/烽堠仅为文献列于该防区，非正式隶属或实证传警线,
ZJ-MAP-0228,前山,烽堠,宁波府,昌国卫,,昌国卫,浙江都指挥使司 > 宁波府 > 昌国卫 > 前山,,unlocated,,,,,,《浙江通志》卷九十七〈海防三·宁波府〉；《明史》卷九十〈浙江都司〉,https://zh.wikisource.org/wiki/%E6%B5%99%E6%B1%9F%E9%80%9A%E5%BF%97_(%E5%9B%9B%E5%BA%AB%E5%85%A8%E6%9B%B8%E6%9C%AC)/%E5%8D%B7097,本行巡司/烽堠仅为文献列于该防区，非正式隶属或实证传警线,
ZJ-MAP-0229,前山,烽堠,宁波府,昌国卫,钱仓所,钱仓所,浙江都指挥使司 > 宁波府 > 昌国卫 > 钱仓所 > 前山,,unlocated,,,,,,《浙江通志》卷九十七〈海防三·宁波府〉,https://zh.wikisource.org/wiki/%E6%B5%99%E6%B1%9F%E9%80%9A%E5%BF%97_(%E5%9B%9B%E5%BA%AB%E5%85%A8%E6%9B%B8%E6%9C%AC)/%E5%8D%B7097,本行巡司/烽堠仅为文献列于该防区，非正式隶属或实证传警线,
ZJ-MAP-0230,前山,烽堠,宁波府,昌国卫,石浦前所／石浦后所（合列）,石浦前所／石浦后所（合列）,浙江都指挥使司 > 宁波府 > 昌国卫 > 石浦前所／石浦后所（合列） > 前山,,unlocated,,,,,,《浙江通志》卷九十七〈海防三·宁波府〉,https://zh.wikisource.org/wiki/%E6%B5%99%E6%B1%9F%E9%80%9A%E5%BF%97_(%E5%9B%9B%E5%BA%AB%E5%85%A8%E6%9B%B8%E6%9C%AC)/%E5%8D%B7097,合列仅为名录索引，并非新的卫所机构；所辖各基层设施未能拆分到单个所,
ZJ-MAP-0231,半路,烽堠,宁波府,昌国卫,爵溪所,爵溪所,浙江都指挥使司 > 宁波府 > 昌国卫 > 爵溪所 > 半路,,unlocated,,,,,,《浙江通志》卷九十七〈海防三·宁波府〉,https://zh.wikisource.org/wiki/%E6%B5%99%E6%B1%9F%E9%80%9A%E5%BF%97_(%E5%9B%9B%E5%BA%AB%E5%85%A8%E6%9B%B8%E6%9C%AC)/%E5%8D%B7097,本行巡司/烽堠仅为文献列于该防区，非正式隶属或实证传警线,
ZJ-MAP-0232,后山,烽堠,宁波府,昌国卫,,昌国卫,浙江都指挥使司 > 宁波府 > 昌国卫 > 后山,,unlocated,,,,,,《浙江通志》卷九十七〈海防三·宁波府〉；《明史》卷九十〈浙江都司〉,https://zh.wikisource.org/wiki/%E6%B5%99%E6%B1%9F%E9%80%9A%E5%BF%97_(%E5%9B%9B%E5%BA%AB%E5%85%A8%E6%9B%B8%E6%9C%AC)/%E5%8D%B7097,本行巡司/烽堠仅为文献列于该防区，非正式隶属或实证传警线,
ZJ-MAP-0233,后山,烽堠,宁波府,昌国卫,石浦前所／石浦后所（合列）,石浦前所／石浦后所（合列）,浙江都指挥使司 > 宁波府 > 昌国卫 > 石浦前所／石浦后所（合列） > 后山,,unlocated,,,,,,《浙江通志》卷九十七〈海防三·宁波府〉,https://zh.wikisource.org/wiki/%E6%B5%99%E6%B1%9F%E9%80%9A%E5%BF%97_(%E5%9B%9B%E5%BA%AB%E5%85%A8%E6%9B%B8%E6%9C%AC)/%E5%8D%B7097,合列仅为名录索引，并非新的卫所机构；所辖各基层设施未能拆分到单个所,
ZJ-MAP-0234,土湾,烽堠,宁波府,昌国卫,石浦前所／石浦后所（合列）,石浦前所／石浦后所（合列）,浙江都指挥使司 > 宁波府 > 昌国卫 > 石浦前所／石浦后所（合列） > 土湾,,unlocated,,,,,,《浙江通志》卷九十七〈海防三·宁波府〉,https://zh.wikisource.org/wiki/%E6%B5%99%E6%B1%9F%E9%80%9A%E5%BF%97_(%E5%9B%9B%E5%BA%AB%E5%85%A8%E6%9B%B8%E6%9C%AC)/%E5%8D%B7097,合列仅为名录索引，并非新的卫所机构；所辖各基层设施未能拆分到单个所,
ZJ-MAP-0235,外岭,烽堠,宁波府,昌国卫,爵溪所,爵溪所,浙江都指挥使司 > 宁波府 > 昌国卫 > 爵溪所 > 外岭,,unlocated,,,,,,《浙江通志》卷九十七〈海防三·宁波府〉,https://zh.wikisource.org/wiki/%E6%B5%99%E6%B1%9F%E9%80%9A%E5%BF%97_(%E5%9B%9B%E5%BA%AB%E5%85%A8%E6%9B%B8%E6%9C%AC)/%E5%8D%B7097,本行巡司/烽堠仅为文献列于该防区，非正式隶属或实证传警线,
ZJ-MAP-0236,大金山,烽堠,宁波府,昌国卫,石浦前所／石浦后所（合列）,石浦前所／石浦后所（合列）,浙江都指挥使司 > 宁波府 > 昌国卫 > 石浦前所／石浦后所（合列） > 大金山,,unlocated,,,,,,《浙江通志》卷九十七〈海防三·宁波府〉,https://zh.wikisource.org/wiki/%E6%B5%99%E6%B1%9F%E9%80%9A%E5%BF%97_(%E5%9B%9B%E5%BA%AB%E5%85%A8%E6%9B%B8%E6%9C%AC)/%E5%8D%B7097,合列仅为名录索引，并非新的卫所机构；所辖各基层设施未能拆分到单个所,
ZJ-MAP-0237,屏风,烽堠,宁波府,昌国卫,爵溪所,爵溪所,浙江都指挥使司 > 宁波府 > 昌国卫 > 爵溪所 > 屏风,,unlocated,,,,,,《浙江通志》卷九十七〈海防三·宁波府〉,https://zh.wikisource.org/wiki/%E6%B5%99%E6%B1%9F%E9%80%9A%E5%BF%97_(%E5%9B%9B%E5%BA%AB%E5%85%A8%E6%9B%B8%E6%9C%AC)/%E5%8D%B7097,本行巡司/烽堠仅为文献列于该防区，非正式隶属或实证传警线,
ZJ-MAP-0238,崎头,烽堠,宁波府,昌国卫,,昌国卫,浙江都指挥使司 > 宁波府 > 昌国卫 > 崎头,,unlocated,,,,,,《浙江通志》卷九十七〈海防三·宁波府〉；《明史》卷九十〈浙江都司〉,https://zh.wikisource.org/wiki/%E6%B5%99%E6%B1%9F%E9%80%9A%E5%BF%97_(%E5%9B%9B%E5%BA%AB%E5%85%A8%E6%9B%B8%E6%9C%AC)/%E5%8D%B7097,本行巡司/烽堠仅为文献列于该防区，非正式隶属或实证传警线,
ZJ-MAP-0239,嵩岙,烽堠,宁波府,昌国卫,,昌国卫,浙江都指挥使司 > 宁波府 > 昌国卫 > 嵩岙,,unlocated,,,,,,《浙江通志》卷九十七〈海防三·宁波府〉；《明史》卷九十〈浙江都司〉,https://zh.wikisource.org/wiki/%E6%B5%99%E6%B1%9F%E9%80%9A%E5%BF%97_(%E5%9B%9B%E5%BA%AB%E5%85%A8%E6%9B%B8%E6%9C%AC)/%E5%8D%B7097,本行巡司/烽堠仅为文献列于该防区，非正式隶属或实证传警线,
ZJ-MAP-0240,杉木,烽堠,宁波府,昌国卫,钱仓所,钱仓所,浙江都指挥使司 > 宁波府 > 昌国卫 > 钱仓所 > 杉木,,confirmed,29.541473,121.917946,杉木洋烽火台,ZJ-NB-XS-0008,大徐镇杉木洋村东北台山上,《浙江通志》卷九十七〈海防三·宁波府〉,https://zh.wikisource.org/wiki/%E6%B5%99%E6%B1%9F%E9%80%9A%E5%BF%97_(%E5%9B%9B%E5%BA%AB%E5%85%A8%E6%9B%B8%E6%9C%AC)/%E5%8D%B7097,本行巡司/烽堠仅为文献列于该防区，非正式隶属或实证传警线,
ZJ-MAP-0241,松岙,烽堠,宁波府,昌国卫,石浦前所／石浦后所（合列）,石浦前所／石浦后所（合列）,浙江都指挥使司 > 宁波府 > 昌国卫 > 石浦前所／石浦后所（合列） > 松岙,,unlocated,,,,,,《浙江通志》卷九十七〈海防三·宁波府〉,https://zh.wikisource.org/wiki/%E6%B5%99%E6%B1%9F%E9%80%9A%E5%BF%97_(%E5%9B%9B%E5%BA%AB%E5%85%A8%E6%9B%B8%E6%9C%AC)/%E5%8D%B7097,合列仅为名录索引，并非新的卫所机构；所辖各基层设施未能拆分到单个所,
ZJ-MAP-0242,沙岭,烽堠,宁波府,昌国卫,爵溪所,爵溪所,浙江都指挥使司 > 宁波府 > 昌国卫 > 爵溪所 > 沙岭,,unlocated,,,,,,《浙江通志》卷九十七〈海防三·宁波府〉,https://zh.wikisource.org/wiki/%E6%B5%99%E6%B1%9F%E9%80%9A%E5%BF%97_(%E5%9B%9B%E5%BA%AB%E5%85%A8%E6%9B%B8%E6%9C%AC)/%E5%8D%B7097,本行巡司/烽堠仅为文献列于该防区，非正式隶属或实证传警线,
ZJ-MAP-0243,涂茨,烽堠,宁波府,昌国卫,钱仓所,钱仓所,浙江都指挥使司 > 宁波府 > 昌国卫 > 钱仓所 > 涂茨,,unlocated,,,,,,《浙江通志》卷九十七〈海防三·宁波府〉,https://zh.wikisource.org/wiki/%E6%B5%99%E6%B1%9F%E9%80%9A%E5%BF%97_(%E5%9B%9B%E5%BA%AB%E5%85%A8%E6%9B%B8%E6%9C%AC)/%E5%8D%B7097,本行巡司/烽堠仅为文献列于该防区，非正式隶属或实证传警线,
ZJ-MAP-0244,玉泉,烽堠,宁波府,昌国卫,爵溪所,爵溪所,浙江都指挥使司 > 宁波府 > 昌国卫 > 爵溪所 > 玉泉,,unlocated,,,,,,《浙江通志》卷九十七〈海防三·宁波府〉,https://zh.wikisource.org/wiki/%E6%B5%99%E6%B1%9F%E9%80%9A%E5%BF%97_(%E5%9B%9B%E5%BA%AB%E5%85%A8%E6%9B%B8%E6%9C%AC)/%E5%8D%B7097,本行巡司/烽堠仅为文献列于该防区，非正式隶属或实证传警线,
ZJ-MAP-0245,蒲门岭,烽堠,宁波府,昌国卫,钱仓所,钱仓所,浙江都指挥使司 > 宁波府 > 昌国卫 > 钱仓所 > 蒲门岭,,unlocated,,,,,,《浙江通志》卷九十七〈海防三·宁波府〉,https://zh.wikisource.org/wiki/%E6%B5%99%E6%B1%9F%E9%80%9A%E5%BF%97_(%E5%9B%9B%E5%BA%AB%E5%85%A8%E6%9B%B8%E6%9C%AC)/%E5%8D%B7097,本行巡司/烽堠仅为文献列于该防区，非正式隶属或实证传警线,
ZJ-MAP-0246,赤坎,烽堠,宁波府,昌国卫,,昌国卫,浙江都指挥使司 > 宁波府 > 昌国卫 > 赤坎,,confirmed,29.437114,121.957305,赤坎烽火台,ZJ-NB-XS-0017,丹东街道赤坎村北约50米炮台山顶,《浙江通志》卷九十七〈海防三·宁波府〉；《明史》卷九十〈浙江都司〉,https://zh.wikisource.org/wiki/%E6%B5%99%E6%B1%9F%E9%80%9A%E5%BF%97_(%E5%9B%9B%E5%BA%AB%E5%85%A8%E6%9B%B8%E6%9C%AC)/%E5%8D%B7097,本行巡司/烽堠仅为文献列于该防区，非正式隶属或实证传警线,
ZJ-MAP-0247,赵岙,烽堠,宁波府,昌国卫,爵溪所,爵溪所,浙江都指挥使司 > 宁波府 > 昌国卫 > 爵溪所 > 赵岙,,unlocated,,,,,,《浙江通志》卷九十七〈海防三·宁波府〉,https://zh.wikisource.org/wiki/%E6%B5%99%E6%B1%9F%E9%80%9A%E5%BF%97_(%E5%9B%9B%E5%BA%AB%E5%85%A8%E6%9B%B8%E6%9C%AC)/%E5%8D%B7097,本行巡司/烽堠仅为文献列于该防区，非正式隶属或实证传警线,
ZJ-MAP-0248,青雷,烽堠,宁波府,昌国卫,钱仓所,钱仓所,浙江都指挥使司 > 宁波府 > 昌国卫 > 钱仓所 > 青雷,,unlocated,,,,,,《浙江通志》卷九十七〈海防三·宁波府〉,https://zh.wikisource.org/wiki/%E6%B5%99%E6%B1%9F%E9%80%9A%E5%BF%97_(%E5%9B%9B%E5%BA%AB%E5%85%A8%E6%9B%B8%E6%9C%AC)/%E5%8D%B7097,本行巡司/烽堠仅为文献列于该防区，非正式隶属或实证传警线,
ZJ-MAP-0249,黄沙,烽堠,宁波府,昌国卫,,昌国卫,浙江都指挥使司 > 宁波府 > 昌国卫 > 黄沙,,candidate,29.621407,121.940351,黄沙炮台,ZJ-NB-XS-0007,涂茨镇黄沙村北2公里山上,《浙江通志》卷九十七〈海防三·宁波府〉；《明史》卷九十〈浙江都司〉,https://zh.wikisource.org/wiki/%E6%B5%99%E6%B1%9F%E9%80%9A%E5%BF%97_(%E5%9B%9B%E5%BA%AB%E5%85%A8%E6%9B%B8%E6%9C%AC)/%E5%8D%B7097,本行巡司/烽堠仅为文献列于该防区，非正式隶属或实证传警线,现代遗址名称不是明确的烽堠遗址，不能仅凭同名认定原址。
ZJ-MAP-0250,古窑,烽堠,宁波府,观海卫,,观海卫,浙江都指挥使司 > 宁波府 > 观海卫 > 古窑,,unlocated,,,,,,《浙江通志》卷九十八〈海防四·绍兴府临观段〉；《明史》卷九十〈浙江都司〉,https://zh.wikisource.org/wiki/%E6%B5%99%E6%B1%9F%E9%80%9A%E5%BF%97_(%E5%9B%9B%E5%BA%AB%E5%85%A8%E6%9B%B8%E6%9C%AC)/%E5%8D%B7098,本行巡司/烽堠仅为文献列于该防区，非正式隶属或实证传警线；民政属宁波慈溪县，临观防区见绍兴篇,
ZJ-MAP-0251,向头,烽堠,宁波府,观海卫,,观海卫,浙江都指挥使司 > 宁波府 > 观海卫 > 向头,,unlocated,,,,,,《浙江通志》卷九十八〈海防四·绍兴府临观段〉；《明史》卷九十〈浙江都司〉,https://zh.wikisource.org/wiki/%E6%B5%99%E6%B1%9F%E9%80%9A%E5%BF%97_(%E5%9B%9B%E5%BA%AB%E5%85%A8%E6%9B%B8%E6%9C%AC)/%E5%8D%B7098,本行巡司/烽堠仅为文献列于该防区，非正式隶属或实证传警线；民政属宁波慈溪县，临观防区见绍兴篇,
ZJ-MAP-0252,新浦,烽堠,宁波府,观海卫,,观海卫,浙江都指挥使司 > 宁波府 > 观海卫 > 新浦,,unlocated,,,,,,《浙江通志》卷九十八〈海防四·绍兴府临观段〉；《明史》卷九十〈浙江都司〉,https://zh.wikisource.org/wiki/%E6%B5%99%E6%B1%9F%E9%80%9A%E5%BF%97_(%E5%9B%9B%E5%BA%AB%E5%85%A8%E6%9B%B8%E6%9C%AC)/%E5%8D%B7098,本行巡司/烽堠仅为文献列于该防区，非正式隶属或实证传警线；民政属宁波慈溪县，临观防区见绍兴篇,
ZJ-MAP-0253,施公山,烽堠,宁波府,观海卫,龙山所,龙山所,浙江都指挥使司 > 宁波府 > 观海卫 > 龙山所 > 施公山,,confirmed,30.093419,121.50544,施公山烽火台,ZJ-NB-CX-0008,三北镇施公山村,《浙江通志》卷九十八〈海防四·绍兴府临观段〉,https://zh.wikisource.org/wiki/%E6%B5%99%E6%B1%9F%E9%80%9A%E5%BF%97_(%E5%9B%9B%E5%BA%AB%E5%85%A8%E6%9B%B8%E6%9C%AC)/%E5%8D%B7098,本行巡司/烽堠仅为文献列于该防区，非正式隶属或实证传警线；民政属宁波慈溪县，临观防区见绍兴篇,
ZJ-MAP-0254,爪誓,烽堠,宁波府,观海卫,,观海卫,浙江都指挥使司 > 宁波府 > 观海卫 > 爪誓,,unlocated,,,,,,《浙江通志》卷九十八〈海防四·绍兴府临观段〉；《明史》卷九十〈浙江都司〉,https://zh.wikisource.org/wiki/%E6%B5%99%E6%B1%9F%E9%80%9A%E5%BF%97_(%E5%9B%9B%E5%BA%AB%E5%85%A8%E6%9B%B8%E6%9C%AC)/%E5%8D%B7098,本行巡司/烽堠仅为文献列于该防区，非正式隶属或实证传警线；民政属宁波慈溪县，临观防区见绍兴篇,
ZJ-MAP-0255,石塘,烽堠,宁波府,观海卫,龙山所,龙山所,浙江都指挥使司 > 宁波府 > 观海卫 > 龙山所 > 石塘,,confirmed,30.064189,121.571987,石塘山烽火台,ZJ-NB-CX-0009,龙山镇邱王村石塘山,《浙江通志》卷九十八〈海防四·绍兴府临观段〉,https://zh.wikisource.org/wiki/%E6%B5%99%E6%B1%9F%E9%80%9A%E5%BF%97_(%E5%9B%9B%E5%BA%AB%E5%85%A8%E6%9B%B8%E6%9C%AC)/%E5%8D%B7098,本行巡司/烽堠仅为文献列于该防区，非正式隶属或实证传警线；民政属宁波慈溪县，临观防区见绍兴篇,
ZJ-MAP-0256,西陇山,烽堠,宁波府,观海卫,,观海卫,浙江都指挥使司 > 宁波府 > 观海卫 > 西陇山,,unlocated,,,,,,《浙江通志》卷九十八〈海防四·绍兴府临观段〉；《明史》卷九十〈浙江都司〉,https://zh.wikisource.org/wiki/%E6%B5%99%E6%B1%9F%E9%80%9A%E5%BF%97_(%E5%9B%9B%E5%BA%AB%E5%85%A8%E6%9B%B8%E6%9C%AC)/%E5%8D%B7098,本行巡司/烽堠仅为文献列于该防区，非正式隶属或实证传警线；民政属宁波慈溪县，临观防区见绍兴篇,
ZJ-MAP-0257,西龙尾,烽堠,宁波府,观海卫,,观海卫,浙江都指挥使司 > 宁波府 > 观海卫 > 西龙尾,,unlocated,,,,,,《浙江通志》卷九十八〈海防四·绍兴府临观段〉；《明史》卷九十〈浙江都司〉,https://zh.wikisource.org/wiki/%E6%B5%99%E6%B1%9F%E9%80%9A%E5%BF%97_(%E5%9B%9B%E5%BA%AB%E5%85%A8%E6%9B%B8%E6%9C%AC)/%E5%8D%B7098,本行巡司/烽堠仅为文献列于该防区，非正式隶属或实证传警线；民政属宁波慈溪县，临观防区见绍兴篇,
ZJ-MAP-0258,青溪,烽堠,宁波府,观海卫,龙山所,龙山所,浙江都指挥使司 > 宁波府 > 观海卫 > 龙山所 > 青溪,,unlocated,,,,,,《浙江通志》卷九十八〈海防四·绍兴府临观段〉,https://zh.wikisource.org/wiki/%E6%B5%99%E6%B1%9F%E9%80%9A%E5%BF%97_(%E5%9B%9B%E5%BA%AB%E5%85%A8%E6%9B%B8%E6%9C%AC)/%E5%8D%B7098,本行巡司/烽堠仅为文献列于该防区，非正式隶属或实证传警线；民政属宁波慈溪县，临观防区见绍兴篇,
ZJ-MAP-0259,龙头,烽堠,宁波府,观海卫,龙山所,龙山所,浙江都指挥使司 > 宁波府 > 观海卫 > 龙山所 > 龙头,,unlocated,,,,,,《浙江通志》卷九十八〈海防四·绍兴府临观段〉,https://zh.wikisource.org/wiki/%E6%B5%99%E6%B1%9F%E9%80%9A%E5%BF%97_(%E5%9B%9B%E5%BA%AB%E5%85%A8%E6%9B%B8%E6%9C%AC)/%E5%8D%B7098,本行巡司/烽堠仅为文献列于该防区，非正式隶属或实证传警线；民政属宁波慈溪县，临观防区见绍兴篇,
ZJ-MAP-0260,龙尾,烽堠,宁波府,观海卫,龙山所,龙山所,浙江都指挥使司 > 宁波府 > 观海卫 > 龙山所 > 龙尾,,unlocated,,,,,,《浙江通志》卷九十八〈海防四·绍兴府临观段〉,https://zh.wikisource.org/wiki/%E6%B5%99%E6%B1%9F%E9%80%9A%E5%BF%97_(%E5%9B%9B%E5%BA%AB%E5%85%A8%E6%9B%B8%E6%9C%AC)/%E5%8D%B7098,本行巡司/烽堠仅为文献列于该防区，非正式隶属或实证传警线；民政属宁波慈溪县，临观防区见绍兴篇,
ZJ-MAP-0261,尖山,烽堠,杭州府,浙江都司,海宁所,海宁所,浙江都指挥使司 > 杭州府 > 浙江都司 > 海宁所 > 尖山,,unlocated,,,,,,《浙江通志》卷九十七〈海防三·杭州府〉；《明史》卷九十〈海宁千户所〉,https://zh.wikisource.org/wiki/%E6%B5%99%E6%B1%9F%E9%80%9A%E5%BF%97_(%E5%9B%9B%E5%BA%AB%E5%85%A8%E6%9B%B8%E6%9C%AC)/%E5%8D%B7097,直属都司守御千户所；原志分入杭州海防篇；本行巡司/烽堠仅为文献列于该防区，非正式隶属或实证传警线；此处杭州海宁所非嘉兴海盐县海宁卫,与金乡卫其他尖山条目重名，不能仅凭名称合并。
ZJ-MAP-0262,岩门山,烽堠,杭州府,浙江都司,海宁所,海宁所,浙江都指挥使司 > 杭州府 > 浙江都司 > 海宁所 > 岩门山,,unlocated,,,,,,《浙江通志》卷九十七〈海防三·杭州府〉；《明史》卷九十〈海宁千户所〉,https://zh.wikisource.org/wiki/%E6%B5%99%E6%B1%9F%E9%80%9A%E5%BF%97_(%E5%9B%9B%E5%BA%AB%E5%85%A8%E6%9B%B8%E6%9C%AC)/%E5%8D%B7097,直属都司守御千户所；原志分入杭州海防篇；本行巡司/烽堠仅为文献列于该防区，非正式隶属或实证传警线；此处杭州海宁所非嘉兴海盐县海宁卫,
ZJ-MAP-0263,庙前,烽堠,杭州府,浙江都司,海宁所,海宁所,浙江都指挥使司 > 杭州府 > 浙江都司 > 海宁所 > 庙前,,unlocated,,,,,,《浙江通志》卷九十七〈海防三·杭州府〉；《明史》卷九十〈海宁千户所〉,https://zh.wikisource.org/wiki/%E6%B5%99%E6%B1%9F%E9%80%9A%E5%BF%97_(%E5%9B%9B%E5%BA%AB%E5%85%A8%E6%9B%B8%E6%9C%AC)/%E5%8D%B7097,直属都司守御千户所；原志分入杭州海防篇；本行巡司/烽堠仅为文献列于该防区，非正式隶属或实证传警线；此处杭州海宁所非嘉兴海盐县海宁卫,
ZJ-MAP-0264,石墩,烽堠,杭州府,浙江都司,海宁所,海宁所,浙江都指挥使司 > 杭州府 > 浙江都司 > 海宁所 > 石墩,,unlocated,,,,,,《浙江通志》卷九十七〈海防三·杭州府〉；《明史》卷九十〈海宁千户所〉,https://zh.wikisource.org/wiki/%E6%B5%99%E6%B1%9F%E9%80%9A%E5%BF%97_(%E5%9B%9B%E5%BA%AB%E5%85%A8%E6%9B%B8%E6%9C%AC)/%E5%8D%B7097,直属都司守御千户所；原志分入杭州海防篇；本行巡司/烽堠仅为文献列于该防区，非正式隶属或实证传警线；此处杭州海宁所非嘉兴海盐县海宁卫,
ZJ-MAP-0265,赭山,烽堠,杭州府,浙江都司,海宁所,海宁所,浙江都指挥使司 > 杭州府 > 浙江都司 > 海宁所 > 赭山,,candidate,30.279989,120.417455,萧山抗倭遗址（赭山巡检司城旧址）,ZJ-HZ-XS-0001,南阳镇龙虎村西,《浙江通志》卷九十七〈海防三·杭州府〉；《明史》卷九十〈海宁千户所〉,https://zh.wikisource.org/wiki/%E6%B5%99%E6%B1%9F%E9%80%9A%E5%BF%97_(%E5%9B%9B%E5%BA%AB%E5%85%A8%E6%9B%B8%E6%9C%AC)/%E5%8D%B7097,直属都司守御千户所；原志分入杭州海防篇；本行巡司/烽堠仅为文献列于该防区，非正式隶属或实证传警线；此处杭州海宁所非嘉兴海盐县海宁卫,现代遗址名称不是明确的烽堠遗址，不能仅凭同名认定原址。
ZJ-MAP-0266,半岭,烽堠,温州府,温州卫,平阳所,平阳所,浙江都指挥使司 > 温州府 > 温州卫 > 平阳所 > 半岭,,unlocated,,,,,,《浙江通志》卷九十八〈海防四·温州府〉,https://zh.wikisource.org/wiki/%E6%B5%99%E6%B1%9F%E9%80%9A%E5%BF%97_(%E5%9B%9B%E5%BA%AB%E5%85%A8%E6%9B%B8%E6%9C%AC)/%E5%8D%B7098,本行巡司/烽堠仅为文献列于该防区，非正式隶属或实证传警线,
ZJ-MAP-0267,埭头,烽堠,温州府,温州卫,海安所,海安所,浙江都指挥使司 > 温州府 > 温州卫 > 海安所 > 埭头,,unlocated,,,,,,《浙江通志》卷九十八〈海防四·温州府〉,https://zh.wikisource.org/wiki/%E6%B5%99%E6%B1%9F%E9%80%9A%E5%BF%97_(%E5%9B%9B%E5%BA%AB%E5%85%A8%E6%9B%B8%E6%9C%AC)/%E5%8D%B7098,本行巡司/烽堠仅为文献列于该防区，非正式隶属或实证传警线,
ZJ-MAP-0268,峰瑞,烽堠,温州府,温州卫,平阳所,平阳所,浙江都指挥使司 > 温州府 > 温州卫 > 平阳所 > 峰瑞,,unlocated,,,,,,《浙江通志》卷九十八〈海防四·温州府〉,https://zh.wikisource.org/wiki/%E6%B5%99%E6%B1%9F%E9%80%9A%E5%BF%97_(%E5%9B%9B%E5%BA%AB%E5%85%A8%E6%9B%B8%E6%9C%AC)/%E5%8D%B7098,本行巡司/烽堠仅为文献列于该防区，非正式隶属或实证传警线,
ZJ-MAP-0269,店岙,烽堠,温州府,温州卫,海安所,海安所,浙江都指挥使司 > 温州府 > 温州卫 > 海安所 > 店岙,,unlocated,,,,,,《浙江通志》卷九十八〈海防四·温州府〉,https://zh.wikisource.org/wiki/%E6%B5%99%E6%B1%9F%E9%80%9A%E5%BF%97_(%E5%9B%9B%E5%BA%AB%E5%85%A8%E6%9B%B8%E6%9C%AC)/%E5%8D%B7098,本行巡司/烽堠仅为文献列于该防区，非正式隶属或实证传警线,
ZJ-MAP-0270,福泉,烽堠,温州府,温州卫,平阳所,平阳所,浙江都指挥使司 > 温州府 > 温州卫 > 平阳所 > 福泉,,unlocated,,,,,,《浙江通志》卷九十八〈海防四·温州府〉,https://zh.wikisource.org/wiki/%E6%B5%99%E6%B1%9F%E9%80%9A%E5%BF%97_(%E5%9B%9B%E5%BA%AB%E5%85%A8%E6%9B%B8%E6%9C%AC)/%E5%8D%B7098,本行巡司/烽堠仅为文献列于该防区，非正式隶属或实证传警线,
ZJ-MAP-0271,钱家埠,烽堠,温州府,温州卫,瑞安所,瑞安所,浙江都指挥使司 > 温州府 > 温州卫 > 瑞安所 > 钱家埠,,unlocated,,,,,,《浙江通志》卷九十八〈海防四·温州府〉,https://zh.wikisource.org/wiki/%E6%B5%99%E6%B1%9F%E9%80%9A%E5%BF%97_(%E5%9B%9B%E5%BA%AB%E5%85%A8%E6%9B%B8%E6%9C%AC)/%E5%8D%B7098,本行巡司/烽堠仅为文献列于该防区，非正式隶属或实证传警线,
ZJ-MAP-0272,长桥,烽堠,温州府,温州卫,海安所,海安所,浙江都指挥使司 > 温州府 > 温州卫 > 海安所 > 长桥,,unlocated,,,,,,《浙江通志》卷九十八〈海防四·温州府〉,https://zh.wikisource.org/wiki/%E6%B5%99%E6%B1%9F%E9%80%9A%E5%BF%97_(%E5%9B%9B%E5%BA%AB%E5%85%A8%E6%9B%B8%E6%9C%AC)/%E5%8D%B7098,本行巡司/烽堠仅为文献列于该防区，非正式隶属或实证传警线,
ZJ-MAP-0273,鲍田,烽堠,温州府,温州卫,海安所,海安所,浙江都指挥使司 > 温州府 > 温州卫 > 海安所 > 鲍田,,unlocated,,,,,,《浙江通志》卷九十八〈海防四·温州府〉,https://zh.wikisource.org/wiki/%E6%B5%99%E6%B1%9F%E9%80%9A%E5%BF%97_(%E5%9B%9B%E5%BA%AB%E5%85%A8%E6%9B%B8%E6%9C%AC)/%E5%8D%B7098,本行巡司/烽堠仅为文献列于该防区，非正式隶属或实证传警线,
ZJ-MAP-0274,七甲,烽堠,温州府,磐石卫,宁村所,宁村所,浙江都指挥使司 > 温州府 > 磐石卫 > 宁村所 > 七甲,,unlocated,,,,,,《浙江通志》卷九十八〈海防四·温州府〉,https://zh.wikisource.org/wiki/%E6%B5%99%E6%B1%9F%E9%80%9A%E5%BF%97_(%E5%9B%9B%E5%BA%AB%E5%85%A8%E6%9B%B8%E6%9C%AC)/%E5%8D%B7098,本行巡司/烽堠仅为文献列于该防区，非正式隶属或实证传警线,
ZJ-MAP-0275,三屿,烽堠,温州府,磐石卫,,磐石卫,浙江都指挥使司 > 温州府 > 磐石卫 > 三屿,,unlocated,,,,,,《浙江通志》卷九十八〈海防四·温州府〉；《明史》卷九十〈浙江都司〉,https://zh.wikisource.org/wiki/%E6%B5%99%E6%B1%9F%E9%80%9A%E5%BF%97_(%E5%9B%9B%E5%BA%AB%E5%85%A8%E6%9B%B8%E6%9C%AC)/%E5%8D%B7098,本行巡司/烽堠仅为文献列于该防区，非正式隶属或实证传警线,
ZJ-MAP-0276,下山头,烽堠,温州府,磐石卫,蒲岐所,蒲岐所,浙江都指挥使司 > 温州府 > 磐石卫 > 蒲岐所 > 下山头,,unlocated,,,,,,《浙江通志》卷九十八〈海防四·温州府〉,https://zh.wikisource.org/wiki/%E6%B5%99%E6%B1%9F%E9%80%9A%E5%BF%97_(%E5%9B%9B%E5%BA%AB%E5%85%A8%E6%9B%B8%E6%9C%AC)/%E5%8D%B7098,本行巡司/烽堠仅为文献列于该防区，非正式隶属或实证传警线,
ZJ-MAP-0277,东山,烽堠,温州府,磐石卫,蒲岐所,蒲岐所,浙江都指挥使司 > 温州府 > 磐石卫 > 蒲岐所 > 东山,,unlocated,,,,,,《浙江通志》卷九十八〈海防四·温州府〉,https://zh.wikisource.org/wiki/%E6%B5%99%E6%B1%9F%E9%80%9A%E5%BF%97_(%E5%9B%9B%E5%BA%AB%E5%85%A8%E6%9B%B8%E6%9C%AC)/%E5%8D%B7098,本行巡司/烽堠仅为文献列于该防区，非正式隶属或实证传警线,
ZJ-MAP-0278,九甲,烽堠,温州府,磐石卫,宁村所,宁村所,浙江都指挥使司 > 温州府 > 磐石卫 > 宁村所 > 九甲,,unlocated,,,,,,《浙江通志》卷九十八〈海防四·温州府〉,https://zh.wikisource.org/wiki/%E6%B5%99%E6%B1%9F%E9%80%9A%E5%BF%97_(%E5%9B%9B%E5%BA%AB%E5%85%A8%E6%9B%B8%E6%9C%AC)/%E5%8D%B7098,本行巡司/烽堠仅为文献列于该防区，非正式隶属或实证传警线,
ZJ-MAP-0279,前塘,烽堠,温州府,磐石卫,蒲岐所,蒲岐所,浙江都指挥使司 > 温州府 > 磐石卫 > 蒲岐所 > 前塘,,unlocated,,,,,,《浙江通志》卷九十八〈海防四·温州府〉,https://zh.wikisource.org/wiki/%E6%B5%99%E6%B1%9F%E9%80%9A%E5%BF%97_(%E5%9B%9B%E5%BA%AB%E5%85%A8%E6%9B%B8%E6%9C%AC)/%E5%8D%B7098,本行巡司/烽堠仅为文献列于该防区，非正式隶属或实证传警线,
ZJ-MAP-0280,南浦,烽堠,温州府,磐石卫,蒲岐所,蒲岐所,浙江都指挥使司 > 温州府 > 磐石卫 > 蒲岐所 > 南浦,,unlocated,,,,,,《浙江通志》卷九十八〈海防四·温州府〉,https://zh.wikisource.org/wiki/%E6%B5%99%E6%B1%9F%E9%80%9A%E5%BF%97_(%E5%9B%9B%E5%BA%AB%E5%85%A8%E6%9B%B8%E6%9C%AC)/%E5%8D%B7098,本行巡司/烽堠仅为文献列于该防区，非正式隶属或实证传警线,
ZJ-MAP-0281,双峰,烽堠,温州府,磐石卫,,磐石卫,浙江都指挥使司 > 温州府 > 磐石卫 > 双峰,,unlocated,,,,,,《浙江通志》卷九十八〈海防四·温州府〉；《明史》卷九十〈浙江都司〉,https://zh.wikisource.org/wiki/%E6%B5%99%E6%B1%9F%E9%80%9A%E5%BF%97_(%E5%9B%9B%E5%BA%AB%E5%85%A8%E6%9B%B8%E6%9C%AC)/%E5%8D%B7098,本行巡司/烽堠仅为文献列于该防区，非正式隶属或实证传警线,
ZJ-MAP-0282,双陡门,烽堠,温州府,磐石卫,蒲岐所,蒲岐所,浙江都指挥使司 > 温州府 > 磐石卫 > 蒲岐所 > 双陡门,,unlocated,,,,,,《浙江通志》卷九十八〈海防四·温州府〉,https://zh.wikisource.org/wiki/%E6%B5%99%E6%B1%9F%E9%80%9A%E5%BF%97_(%E5%9B%9B%E5%BA%AB%E5%85%A8%E6%9B%B8%E6%9C%AC)/%E5%8D%B7098,本行巡司/烽堠仅为文献列于该防区，非正式隶属或实证传警线,
ZJ-MAP-0283,后塘,烽堠,温州府,磐石卫,蒲岐所,蒲岐所,浙江都指挥使司 > 温州府 > 磐石卫 > 蒲岐所 > 后塘,,unlocated,,,,,,《浙江通志》卷九十八〈海防四·温州府〉,https://zh.wikisource.org/wiki/%E6%B5%99%E6%B1%9F%E9%80%9A%E5%BF%97_(%E5%9B%9B%E5%BA%AB%E5%85%A8%E6%9B%B8%E6%9C%AC)/%E5%8D%B7098,本行巡司/烽堠仅为文献列于该防区，非正式隶属或实证传警线,
ZJ-MAP-0284,娄岙,烽堠,温州府,磐石卫,蒲岐所,蒲岐所,浙江都指挥使司 > 温州府 > 磐石卫 > 蒲岐所 > 娄岙,,unlocated,,,,,,《浙江通志》卷九十八〈海防四·温州府〉,https://zh.wikisource.org/wiki/%E6%B5%99%E6%B1%9F%E9%80%9A%E5%BF%97_(%E5%9B%9B%E5%BA%AB%E5%85%A8%E6%9B%B8%E6%9C%AC)/%E5%8D%B7098,本行巡司/烽堠仅为文献列于该防区，非正式隶属或实证传警线,
ZJ-MAP-0285,屿山,烽堠,温州府,磐石卫,磐石后所,磐石后所,浙江都指挥使司 > 温州府 > 磐石卫 > 磐石后所 > 屿山,,unlocated,,,,,,《浙江通志》卷九十八〈海防四·温州府〉,https://zh.wikisource.org/wiki/%E6%B5%99%E6%B1%9F%E9%80%9A%E5%BF%97_(%E5%9B%9B%E5%BA%AB%E5%85%A8%E6%9B%B8%E6%9C%AC)/%E5%8D%B7098,本行巡司/烽堠仅为文献列于该防区，非正式隶属或实证传警线,
ZJ-MAP-0286,岐头,烽堠,温州府,磐石卫,磐石后所,磐石后所,浙江都指挥使司 > 温州府 > 磐石卫 > 磐石后所 > 岐头,,unlocated,,,,,,《浙江通志》卷九十八〈海防四·温州府〉,https://zh.wikisource.org/wiki/%E6%B5%99%E6%B1%9F%E9%80%9A%E5%BF%97_(%E5%9B%9B%E5%BA%AB%E5%85%A8%E6%9B%B8%E6%9C%AC)/%E5%8D%B7098,本行巡司/烽堠仅为文献列于该防区，非正式隶属或实证传警线,
ZJ-MAP-0287,平山,烽堠,温州府,磐石卫,磐石后所,磐石后所,浙江都指挥使司 > 温州府 > 磐石卫 > 磐石后所 > 平山,,unlocated,,,,,,《浙江通志》卷九十八〈海防四·温州府〉,https://zh.wikisource.org/wiki/%E6%B5%99%E6%B1%9F%E9%80%9A%E5%BF%97_(%E5%9B%9B%E5%BA%AB%E5%85%A8%E6%9B%B8%E6%9C%AC)/%E5%8D%B7098,本行巡司/烽堠仅为文献列于该防区，非正式隶属或实证传警线,
ZJ-MAP-0288,日团,烽堠,温州府,磐石卫,,磐石卫,浙江都指挥使司 > 温州府 > 磐石卫 > 日团,,unlocated,,,,,,《浙江通志》卷九十八〈海防四·温州府〉；《明史》卷九十〈浙江都司〉,https://zh.wikisource.org/wiki/%E6%B5%99%E6%B1%9F%E9%80%9A%E5%BF%97_(%E5%9B%9B%E5%BA%AB%E5%85%A8%E6%9B%B8%E6%9C%AC)/%E5%8D%B7098,本行巡司/烽堠仅为文献列于该防区，非正式隶属或实证传警线,
ZJ-MAP-0289,池岙,烽堠,温州府,磐石卫,,磐石卫,浙江都指挥使司 > 温州府 > 磐石卫 > 池岙,,unlocated,,,,,,《浙江通志》卷九十八〈海防四·温州府〉；《明史》卷九十〈浙江都司〉,https://zh.wikisource.org/wiki/%E6%B5%99%E6%B1%9F%E9%80%9A%E5%BF%97_(%E5%9B%9B%E5%BA%AB%E5%85%A8%E6%9B%B8%E6%9C%AC)/%E5%8D%B7098,本行巡司/烽堠仅为文献列于该防区，非正式隶属或实证传警线,
ZJ-MAP-0290,沙村,烽堠,温州府,磐石卫,宁村所,宁村所,浙江都指挥使司 > 温州府 > 磐石卫 > 宁村所 > 沙村,,unlocated,,,,,,《浙江通志》卷九十八〈海防四·温州府〉,https://zh.wikisource.org/wiki/%E6%B5%99%E6%B1%9F%E9%80%9A%E5%BF%97_(%E5%9B%9B%E5%BA%AB%E5%85%A8%E6%9B%B8%E6%9C%AC)/%E5%8D%B7098,本行巡司/烽堠仅为文献列于该防区，非正式隶属或实证传警线,
ZJ-MAP-0291,沙沟,烽堠,温州府,磐石卫,宁村所,宁村所,浙江都指挥使司 > 温州府 > 磐石卫 > 宁村所 > 沙沟,,unlocated,,,,,,《浙江通志》卷九十八〈海防四·温州府〉,https://zh.wikisource.org/wiki/%E6%B5%99%E6%B1%9F%E9%80%9A%E5%BF%97_(%E5%9B%9B%E5%BA%AB%E5%85%A8%E6%9B%B8%E6%9C%AC)/%E5%8D%B7098,本行巡司/烽堠仅为文献列于该防区，非正式隶属或实证传警线,
ZJ-MAP-0292,沙角,烽堠,温州府,磐石卫,,磐石卫,浙江都指挥使司 > 温州府 > 磐石卫 > 沙角,,unlocated,,,,,,《浙江通志》卷九十八〈海防四·温州府〉；《明史》卷九十〈浙江都司〉,https://zh.wikisource.org/wiki/%E6%B5%99%E6%B1%9F%E9%80%9A%E5%BF%97_(%E5%9B%9B%E5%BA%AB%E5%85%A8%E6%9B%B8%E6%9C%AC)/%E5%8D%B7098,本行巡司/烽堠仅为文献列于该防区，非正式隶属或实证传警线,
ZJ-MAP-0293,洋田,烽堠,温州府,磐石卫,,磐石卫,浙江都指挥使司 > 温州府 > 磐石卫 > 洋田,,unlocated,,,,,,《浙江通志》卷九十八〈海防四·温州府〉；《明史》卷九十〈浙江都司〉,https://zh.wikisource.org/wiki/%E6%B5%99%E6%B1%9F%E9%80%9A%E5%BF%97_(%E5%9B%9B%E5%BA%AB%E5%85%A8%E6%9B%B8%E6%9C%AC)/%E5%8D%B7098,本行巡司/烽堠仅为文献列于该防区，非正式隶属或实证传警线,
ZJ-MAP-0294,章岙,烽堠,温州府,磐石卫,,磐石卫,浙江都指挥使司 > 温州府 > 磐石卫 > 章岙,,unlocated,,,,,,《浙江通志》卷九十八〈海防四·温州府〉；《明史》卷九十〈浙江都司〉,https://zh.wikisource.org/wiki/%E6%B5%99%E6%B1%9F%E9%80%9A%E5%BF%97_(%E5%9B%9B%E5%BA%AB%E5%85%A8%E6%9B%B8%E6%9C%AC)/%E5%8D%B7098,本行巡司/烽堠仅为文献列于该防区，非正式隶属或实证传警线,
ZJ-MAP-0295,铧锹,烽堠,温州府,磐石卫,蒲岐所,蒲岐所,浙江都指挥使司 > 温州府 > 磐石卫 > 蒲岐所 > 铧锹,,unlocated,,,,,,《浙江通志》卷九十八〈海防四·温州府〉,https://zh.wikisource.org/wiki/%E6%B5%99%E6%B1%9F%E9%80%9A%E5%BF%97_(%E5%9B%9B%E5%BA%AB%E5%85%A8%E6%9B%B8%E6%9C%AC)/%E5%8D%B7098,本行巡司/烽堠仅为文献列于该防区，非正式隶属或实证传警线,
ZJ-MAP-0296,长沙,烽堠,温州府,磐石卫,宁村所,宁村所,浙江都指挥使司 > 温州府 > 磐石卫 > 宁村所 > 长沙,,unlocated,,,,,,《浙江通志》卷九十八〈海防四·温州府〉,https://zh.wikisource.org/wiki/%E6%B5%99%E6%B1%9F%E9%80%9A%E5%BF%97_(%E5%9B%9B%E5%BA%AB%E5%85%A8%E6%9B%B8%E6%9C%AC)/%E5%8D%B7098,本行巡司/烽堠仅为文献列于该防区，非正式隶属或实证传警线,
ZJ-MAP-0297,黄石浦,烽堠,温州府,磐石卫,宁村所,宁村所,浙江都指挥使司 > 温州府 > 磐石卫 > 宁村所 > 黄石浦,,unlocated,,,,,,《浙江通志》卷九十八〈海防四·温州府〉,https://zh.wikisource.org/wiki/%E6%B5%99%E6%B1%9F%E9%80%9A%E5%BF%97_(%E5%9B%9B%E5%BA%AB%E5%85%A8%E6%9B%B8%E6%9C%AC)/%E5%8D%B7098,本行巡司/烽堠仅为文献列于该防区，非正式隶属或实证传警线,
ZJ-MAP-0298,上洋,烽堠,温州府,金乡卫,,金乡卫,浙江都指挥使司 > 温州府 > 金乡卫 > 上洋,,unlocated,,,,,,《浙江通志》卷九十八〈海防四·温州府〉；《明史》卷九十〈浙江都司〉,https://zh.wikisource.org/wiki/%E6%B5%99%E6%B1%9F%E9%80%9A%E5%BF%97_(%E5%9B%9B%E5%BA%AB%E5%85%A8%E6%9B%B8%E6%9C%AC)/%E5%8D%B7098,本行巡司/烽堠仅为文献列于该防区，非正式隶属或实证传警线,
ZJ-MAP-0299,东冈,烽堠,温州府,金乡卫,,金乡卫,浙江都指挥使司 > 温州府 > 金乡卫 > 东冈,,unlocated,,,,,,《浙江通志》卷九十八〈海防四·温州府〉；《明史》卷九十〈浙江都司〉,https://zh.wikisource.org/wiki/%E6%B5%99%E6%B1%9F%E9%80%9A%E5%BF%97_(%E5%9B%9B%E5%BA%AB%E5%85%A8%E6%9B%B8%E6%9C%AC)/%E5%8D%B7098,本行巡司/烽堠仅为文献列于该防区，非正式隶属或实证传警线,
ZJ-MAP-0300,东山,烽堠,温州府,金乡卫,,金乡卫,浙江都指挥使司 > 温州府 > 金乡卫 > 东山,,unlocated,,,,,,《浙江通志》卷九十八〈海防四·温州府〉；《明史》卷九十〈浙江都司〉,https://zh.wikisource.org/wiki/%E6%B5%99%E6%B1%9F%E9%80%9A%E5%BF%97_(%E5%9B%9B%E5%BA%AB%E5%85%A8%E6%9B%B8%E6%9C%AC)/%E5%8D%B7098,本行巡司/烽堠仅为文献列于该防区，非正式隶属或实证传警线,
ZJ-MAP-0301,仙口,烽堠,温州府,金乡卫,沙园所,沙园所,浙江都指挥使司 > 温州府 > 金乡卫 > 沙园所 > 仙口,,unlocated,,,,,,《浙江通志》卷九十八〈海防四·温州府〉,https://zh.wikisource.org/wiki/%E6%B5%99%E6%B1%9F%E9%80%9A%E5%BF%97_(%E5%9B%9B%E5%BA%AB%E5%85%A8%E6%9B%B8%E6%9C%AC)/%E5%8D%B7098,本行巡司/烽堠仅为文献列于该防区，非正式隶属或实证传警线,
ZJ-MAP-0302,兰头,烽堠,温州府,金乡卫,,金乡卫,浙江都指挥使司 > 温州府 > 金乡卫 > 兰头,,unlocated,,,,,,《浙江通志》卷九十八〈海防四·温州府〉；《明史》卷九十〈浙江都司〉,https://zh.wikisource.org/wiki/%E6%B5%99%E6%B1%9F%E9%80%9A%E5%BF%97_(%E5%9B%9B%E5%BA%AB%E5%85%A8%E6%9B%B8%E6%9C%AC)/%E5%8D%B7098,本行巡司/烽堠仅为文献列于该防区，非正式隶属或实证传警线,
ZJ-MAP-0303,冷水铺,烽堠,温州府,金乡卫,沙园所,沙园所,浙江都指挥使司 > 温州府 > 金乡卫 > 沙园所 > 冷水铺,,unlocated,,,,,,《浙江通志》卷九十八〈海防四·温州府〉,https://zh.wikisource.org/wiki/%E6%B5%99%E6%B1%9F%E9%80%9A%E5%BF%97_(%E5%9B%9B%E5%BA%AB%E5%85%A8%E6%9B%B8%E6%9C%AC)/%E5%8D%B7098,本行巡司/烽堠仅为文献列于该防区，非正式隶属或实证传警线,
ZJ-MAP-0304,凤凰,烽堠,温州府,金乡卫,,金乡卫,浙江都指挥使司 > 温州府 > 金乡卫 > 凤凰,,unlocated,,,,,,《浙江通志》卷九十八〈海防四·温州府〉；《明史》卷九十〈浙江都司〉,https://zh.wikisource.org/wiki/%E6%B5%99%E6%B1%9F%E9%80%9A%E5%BF%97_(%E5%9B%9B%E5%BA%AB%E5%85%A8%E6%9B%B8%E6%9C%AC)/%E5%8D%B7098,本行巡司/烽堠仅为文献列于该防区，非正式隶属或实证传警线,
ZJ-MAP-0305,半塘,烽堠,温州府,金乡卫,,金乡卫,浙江都指挥使司 > 温州府 > 金乡卫 > 半塘,,unlocated,,,,,,《浙江通志》卷九十八〈海防四·温州府〉；《明史》卷九十〈浙江都司〉,https://zh.wikisource.org/wiki/%E6%B5%99%E6%B1%9F%E9%80%9A%E5%BF%97_(%E5%9B%9B%E5%BA%AB%E5%85%A8%E6%9B%B8%E6%9C%AC)/%E5%8D%B7098,本行巡司/烽堠仅为文献列于该防区，非正式隶属或实证传警线,
ZJ-MAP-0306,南堡,烽堠,温州府,金乡卫,蒲门所,蒲门所,浙江都指挥使司 > 温州府 > 金乡卫 > 蒲门所 > 南堡,,confirmed,27.230385,120.453181,南堡岭烽火台遗址,ZJ-WZ-CN-0006,沿浦镇南堡岭村后烟墩山,《浙江通志》卷九十八〈海防四·温州府〉,https://zh.wikisource.org/wiki/%E6%B5%99%E6%B1%9F%E9%80%9A%E5%BF%97_(%E5%9B%9B%E5%BA%AB%E5%85%A8%E6%9B%B8%E6%9C%AC)/%E5%8D%B7098,本行巡司/烽堠仅为文献列于该防区，非正式隶属或实证传警线,
ZJ-MAP-0307,四表,烽堠,温州府,金乡卫,蒲门所,蒲门所,浙江都指挥使司 > 温州府 > 金乡卫 > 蒲门所 > 四表,,unlocated,,,,,,《浙江通志》卷九十八〈海防四·温州府〉,https://zh.wikisource.org/wiki/%E6%B5%99%E6%B1%9F%E9%80%9A%E5%BF%97_(%E5%9B%9B%E5%BA%AB%E5%85%A8%E6%9B%B8%E6%9C%AC)/%E5%8D%B7098,本行巡司/烽堠仅为文献列于该防区，非正式隶属或实证传警线,
ZJ-MAP-0308,奠山,烽堠,温州府,金乡卫,,金乡卫,浙江都指挥使司 > 温州府 > 金乡卫 > 奠山,,unlocated,,,,,,《浙江通志》卷九十八〈海防四·温州府〉；《明史》卷九十〈浙江都司〉,https://zh.wikisource.org/wiki/%E6%B5%99%E6%B1%9F%E9%80%9A%E5%BF%97_(%E5%9B%9B%E5%BA%AB%E5%85%A8%E6%9B%B8%E6%9C%AC)/%E5%8D%B7098,本行巡司/烽堠仅为文献列于该防区，非正式隶属或实证传警线,
ZJ-MAP-0309,宋埠,烽堠,温州府,金乡卫,沙园所,沙园所,浙江都指挥使司 > 温州府 > 金乡卫 > 沙园所 > 宋埠,,unlocated,,,,,,《浙江通志》卷九十八〈海防四·温州府〉,https://zh.wikisource.org/wiki/%E6%B5%99%E6%B1%9F%E9%80%9A%E5%BF%97_(%E5%9B%9B%E5%BA%AB%E5%85%A8%E6%9B%B8%E6%9C%AC)/%E5%8D%B7098,本行巡司/烽堠仅为文献列于该防区，非正式隶属或实证传警线,
ZJ-MAP-0310,尖山,烽堠,温州府,金乡卫,,金乡卫,浙江都指挥使司 > 温州府 > 金乡卫 > 尖山,,candidate,27.224475,120.53418,大尖山烽火台遗址,ZJ-WZ-CN-0016,渔寮乡崇安村大尖山巅,《浙江通志》卷九十八〈海防四·温州府〉；《明史》卷九十〈浙江都司〉,https://zh.wikisource.org/wiki/%E6%B5%99%E6%B1%9F%E9%80%9A%E5%BF%97_(%E5%9B%9B%E5%BA%AB%E5%85%A8%E6%9B%B8%E6%9C%AC)/%E5%8D%B7098,本行巡司/烽堠仅为文献列于该防区，非正式隶属或实证传警线,名为尖山的烽堠不止一处，本匹配对象存在同名歧义。
ZJ-MAP-0311,尖山,烽堠,温州府,金乡卫,壮士所,壮士所,浙江都指挥使司 > 温州府 > 金乡卫 > 壮士所 > 尖山,,unlocated,,,,,,《浙江通志》卷九十八〈海防四·温州府〉,https://zh.wikisource.org/wiki/%E6%B5%99%E6%B1%9F%E9%80%9A%E5%BF%97_(%E5%9B%9B%E5%BA%AB%E5%85%A8%E6%9B%B8%E6%9C%AC)/%E5%8D%B7098,本行巡司/烽堠仅为文献列于该防区，非正式隶属或实证传警线,原定位与待定位名单均未收录此同名异址条目，已补入待定位名录；不可合并。 与金乡卫其他尖山条目重名，不能仅凭名称合并。
ZJ-MAP-0312,岭门,烽堠,温州府,金乡卫,,金乡卫,浙江都指挥使司 > 温州府 > 金乡卫 > 岭门,,unlocated,,,,,,《浙江通志》卷九十八〈海防四·温州府〉；《明史》卷九十〈浙江都司〉,https://zh.wikisource.org/wiki/%E6%B5%99%E6%B1%9F%E9%80%9A%E5%BF%97_(%E5%9B%9B%E5%BA%AB%E5%85%A8%E6%9B%B8%E6%9C%AC)/%E5%8D%B7098,本行巡司/烽堠仅为文献列于该防区，非正式隶属或实证传警线,
ZJ-MAP-0313,悬中,烽堠,温州府,金乡卫,蒲门所,蒲门所,浙江都指挥使司 > 温州府 > 金乡卫 > 蒲门所 > 悬中,,unlocated,,,,,,《浙江通志》卷九十八〈海防四·温州府〉,https://zh.wikisource.org/wiki/%E6%B5%99%E6%B1%9F%E9%80%9A%E5%BF%97_(%E5%9B%9B%E5%BA%AB%E5%85%A8%E6%9B%B8%E6%9C%AC)/%E5%8D%B7098,本行巡司/烽堠仅为文献列于该防区，非正式隶属或实证传警线,
ZJ-MAP-0314,时家墩,烽堠,温州府,金乡卫,壮士所,壮士所,浙江都指挥使司 > 温州府 > 金乡卫 > 壮士所 > 时家墩,,unlocated,,,,,,《浙江通志》卷九十八〈海防四·温州府〉,https://zh.wikisource.org/wiki/%E6%B5%99%E6%B1%9F%E9%80%9A%E5%BF%97_(%E5%9B%9B%E5%BA%AB%E5%85%A8%E6%9B%B8%E6%9C%AC)/%E5%8D%B7098,本行巡司/烽堠仅为文献列于该防区，非正式隶属或实证传警线,
ZJ-MAP-0315,毕湾,烽堠,温州府,金乡卫,,金乡卫,浙江都指挥使司 > 温州府 > 金乡卫 > 毕湾,,unlocated,,,,,,《浙江通志》卷九十八〈海防四·温州府〉；《明史》卷九十〈浙江都司〉,https://zh.wikisource.org/wiki/%E6%B5%99%E6%B1%9F%E9%80%9A%E5%BF%97_(%E5%9B%9B%E5%BA%AB%E5%85%A8%E6%9B%B8%E6%9C%AC)/%E5%8D%B7098,本行巡司/烽堠仅为文献列于该防区，非正式隶属或实证传警线,
ZJ-MAP-0316,烽火,烽堠,温州府,金乡卫,沙园所,沙园所,浙江都指挥使司 > 温州府 > 金乡卫 > 沙园所 > 烽火,,unlocated,,,,,,《浙江通志》卷九十八〈海防四·温州府〉,https://zh.wikisource.org/wiki/%E6%B5%99%E6%B1%9F%E9%80%9A%E5%BF%97_(%E5%9B%9B%E5%BA%AB%E5%85%A8%E6%9B%B8%E6%9C%AC)/%E5%8D%B7098,本行巡司/烽堠仅为文献列于该防区，非正式隶属或实证传警线,
ZJ-MAP-0317,猫头,烽堠,温州府,金乡卫,,金乡卫,浙江都指挥使司 > 温州府 > 金乡卫 > 猫头,,unlocated,,,,,,《浙江通志》卷九十八〈海防四·温州府〉；《明史》卷九十〈浙江都司〉,https://zh.wikisource.org/wiki/%E6%B5%99%E6%B1%9F%E9%80%9A%E5%BF%97_(%E5%9B%9B%E5%BA%AB%E5%85%A8%E6%9B%B8%E6%9C%AC)/%E5%8D%B7098,本行巡司/烽堠仅为文献列于该防区，非正式隶属或实证传警线,
ZJ-MAP-0318,白崎,烽堠,温州府,金乡卫,,金乡卫,浙江都指挥使司 > 温州府 > 金乡卫 > 白崎,,unlocated,,,,,,《浙江通志》卷九十八〈海防四·温州府〉；《明史》卷九十〈浙江都司〉,https://zh.wikisource.org/wiki/%E6%B5%99%E6%B1%9F%E9%80%9A%E5%BF%97_(%E5%9B%9B%E5%BA%AB%E5%85%A8%E6%9B%B8%E6%9C%AC)/%E5%8D%B7098,本行巡司/烽堠仅为文献列于该防区，非正式隶属或实证传警线,
ZJ-MAP-0319,舥艚门,烽堠,温州府,金乡卫,,金乡卫,浙江都指挥使司 > 温州府 > 金乡卫 > 舥艚门,,unlocated,,,,,,《浙江通志》卷九十八〈海防四·温州府〉；《明史》卷九十〈浙江都司〉,https://zh.wikisource.org/wiki/%E6%B5%99%E6%B1%9F%E9%80%9A%E5%BF%97_(%E5%9B%9B%E5%BA%AB%E5%85%A8%E6%9B%B8%E6%9C%AC)/%E5%8D%B7098,本行巡司/烽堠仅为文献列于该防区，非正式隶属或实证传警线,
ZJ-MAP-0320,蒙湾,烽堠,温州府,金乡卫,,金乡卫,浙江都指挥使司 > 温州府 > 金乡卫 > 蒙湾,,unlocated,,,,,,《浙江通志》卷九十八〈海防四·温州府〉；《明史》卷九十〈浙江都司〉,https://zh.wikisource.org/wiki/%E6%B5%99%E6%B1%9F%E9%80%9A%E5%BF%97_(%E5%9B%9B%E5%BA%AB%E5%85%A8%E6%9B%B8%E6%9C%AC)/%E5%8D%B7098,本行巡司/烽堠仅为文献列于该防区，非正式隶属或实证传警线,
ZJ-MAP-0321,雷岙,烽堠,温州府,金乡卫,壮士所,壮士所,浙江都指挥使司 > 温州府 > 金乡卫 > 壮士所 > 雷岙,,unlocated,,,,,,《浙江通志》卷九十八〈海防四·温州府〉,https://zh.wikisource.org/wiki/%E6%B5%99%E6%B1%9F%E9%80%9A%E5%BF%97_(%E5%9B%9B%E5%BA%AB%E5%85%A8%E6%9B%B8%E6%9C%AC)/%E5%8D%B7098,本行巡司/烽堠仅为文献列于该防区，非正式隶属或实证传警线,
ZJ-MAP-0322,马迹,烽堠,温州府,金乡卫,,金乡卫,浙江都指挥使司 > 温州府 > 金乡卫 > 马迹,,unlocated,,,,,,《浙江通志》卷九十八〈海防四·温州府〉；《明史》卷九十〈浙江都司〉,https://zh.wikisource.org/wiki/%E6%B5%99%E6%B1%9F%E9%80%9A%E5%BF%97_(%E5%9B%9B%E5%BA%AB%E5%85%A8%E6%9B%B8%E6%9C%AC)/%E5%8D%B7098,本行巡司/烽堠仅为文献列于该防区，非正式隶属或实证传警线,
ZJ-MAP-0323,乌盆,烽堠,绍兴府,临山卫,,临山卫,浙江都指挥使司 > 绍兴府 > 临山卫 > 乌盆,,unlocated,,,,,,《浙江通志》卷九十八〈海防四·绍兴府〉；《明史》卷九十〈浙江都司〉,https://zh.wikisource.org/wiki/%E6%B5%99%E6%B1%9F%E9%80%9A%E5%BF%97_(%E5%9B%9B%E5%BA%AB%E5%85%A8%E6%9B%B8%E6%9C%AC)/%E5%8D%B7098,本行巡司/烽堠仅为文献列于该防区，非正式隶属或实证传警线,
ZJ-MAP-0324,历山,烽堠,绍兴府,临山卫,三山所,三山所,浙江都指挥使司 > 绍兴府 > 临山卫 > 三山所 > 历山,,unlocated,,,,,,《浙江通志》卷九十八〈海防四·绍兴府〉,https://zh.wikisource.org/wiki/%E6%B5%99%E6%B1%9F%E9%80%9A%E5%BF%97_(%E5%9B%9B%E5%BA%AB%E5%85%A8%E6%9B%B8%E6%9C%AC)/%E5%8D%B7098,本行巡司/烽堠仅为文献列于该防区，非正式隶属或实证传警线,
ZJ-MAP-0325,吴家山,烽堠,绍兴府,临山卫,三山所,三山所,浙江都指挥使司 > 绍兴府 > 临山卫 > 三山所 > 吴家山,,unlocated,,,,,,《浙江通志》卷九十八〈海防四·绍兴府〉,https://zh.wikisource.org/wiki/%E6%B5%99%E6%B1%9F%E9%80%9A%E5%BF%97_(%E5%9B%9B%E5%BA%AB%E5%85%A8%E6%9B%B8%E6%9C%AC)/%E5%8D%B7098,本行巡司/烽堠仅为文献列于该防区，非正式隶属或实证传警线,
ZJ-MAP-0326,周家路,烽堠,绍兴府,临山卫,,临山卫,浙江都指挥使司 > 绍兴府 > 临山卫 > 周家路,,unlocated,,,,,,《浙江通志》卷九十八〈海防四·绍兴府〉；《明史》卷九十〈浙江都司〉,https://zh.wikisource.org/wiki/%E6%B5%99%E6%B1%9F%E9%80%9A%E5%BF%97_(%E5%9B%9B%E5%BA%AB%E5%85%A8%E6%9B%B8%E6%9C%AC)/%E5%8D%B7098,本行巡司/烽堠仅为文献列于该防区，非正式隶属或实证传警线,
ZJ-MAP-0327,夏盖山,烽堠,绍兴府,临山卫,,临山卫,浙江都指挥使司 > 绍兴府 > 临山卫 > 夏盖山,,unlocated,,,,,,《浙江通志》卷九十八〈海防四·绍兴府〉；《明史》卷九十〈浙江都司〉,https://zh.wikisource.org/wiki/%E6%B5%99%E6%B1%9F%E9%80%9A%E5%BF%97_(%E5%9B%9B%E5%BA%AB%E5%85%A8%E6%9B%B8%E6%9C%AC)/%E5%8D%B7098,本行巡司/烽堠仅为文献列于该防区，非正式隶属或实证传警线,
ZJ-MAP-0328,庙山,烽堠,绍兴府,临山卫,,临山卫,浙江都指挥使司 > 绍兴府 > 临山卫 > 庙山,,unlocated,,,,,,《浙江通志》卷九十八〈海防四·绍兴府〉；《明史》卷九十〈浙江都司〉,https://zh.wikisource.org/wiki/%E6%B5%99%E6%B1%9F%E9%80%9A%E5%BF%97_(%E5%9B%9B%E5%BA%AB%E5%85%A8%E6%9B%B8%E6%9C%AC)/%E5%8D%B7098,本行巡司/烽堠仅为文献列于该防区，非正式隶属或实证传警线,
ZJ-MAP-0329,徐家路,烽堠,绍兴府,临山卫,三山所,三山所,浙江都指挥使司 > 绍兴府 > 临山卫 > 三山所 > 徐家路,,unlocated,,,,,,《浙江通志》卷九十八〈海防四·绍兴府〉,https://zh.wikisource.org/wiki/%E6%B5%99%E6%B1%9F%E9%80%9A%E5%BF%97_(%E5%9B%9B%E5%BA%AB%E5%85%A8%E6%9B%B8%E6%9C%AC)/%E5%8D%B7098,本行巡司/烽堠仅为文献列于该防区，非正式隶属或实证传警线,
ZJ-MAP-0330,撮屿,烽堠,绍兴府,临山卫,三山所,三山所,浙江都指挥使司 > 绍兴府 > 临山卫 > 三山所 > 撮屿,,unlocated,,,,,,《浙江通志》卷九十八〈海防四·绍兴府〉,https://zh.wikisource.org/wiki/%E6%B5%99%E6%B1%9F%E9%80%9A%E5%BF%97_(%E5%9B%9B%E5%BA%AB%E5%85%A8%E6%9B%B8%E6%9C%AC)/%E5%8D%B7098,本行巡司/烽堠仅为文献列于该防区，非正式隶属或实证传警线,
ZJ-MAP-0331,方家路,烽堠,绍兴府,临山卫,,临山卫,浙江都指挥使司 > 绍兴府 > 临山卫 > 方家路,,unlocated,,,,,,《浙江通志》卷九十八〈海防四·绍兴府〉；《明史》卷九十〈浙江都司〉,https://zh.wikisource.org/wiki/%E6%B5%99%E6%B1%9F%E9%80%9A%E5%BF%97_(%E5%9B%9B%E5%BA%AB%E5%85%A8%E6%9B%B8%E6%9C%AC)/%E5%8D%B7098,本行巡司/烽堠仅为文献列于该防区，非正式隶属或实证传警线,
ZJ-MAP-0332,楝树,烽堠,绍兴府,临山卫,沥海所,沥海所,浙江都指挥使司 > 绍兴府 > 临山卫 > 沥海所 > 楝树,,unlocated,,,,,,《浙江通志》卷九十八〈海防四·绍兴府〉,https://zh.wikisource.org/wiki/%E6%B5%99%E6%B1%9F%E9%80%9A%E5%BF%97_(%E5%9B%9B%E5%BA%AB%E5%85%A8%E6%9B%B8%E6%9C%AC)/%E5%8D%B7098,本行巡司/烽堠仅为文献列于该防区，非正式隶属或实证传警线,
ZJ-MAP-0333,槎浦,烽堠,绍兴府,临山卫,沥海所,沥海所,浙江都指挥使司 > 绍兴府 > 临山卫 > 沥海所 > 槎浦,,unlocated,,,,,,《浙江通志》卷九十八〈海防四·绍兴府〉,https://zh.wikisource.org/wiki/%E6%B5%99%E6%B1%9F%E9%80%9A%E5%BF%97_(%E5%9B%9B%E5%BA%AB%E5%85%A8%E6%9B%B8%E6%9C%AC)/%E5%8D%B7098,本行巡司/烽堠仅为文献列于该防区，非正式隶属或实证传警线,
ZJ-MAP-0334,泗门,烽堠,绍兴府,临山卫,,临山卫,浙江都指挥使司 > 绍兴府 > 临山卫 > 泗门,,unlocated,,,,,,《浙江通志》卷九十八〈海防四·绍兴府〉；《明史》卷九十〈浙江都司〉,https://zh.wikisource.org/wiki/%E6%B5%99%E6%B1%9F%E9%80%9A%E5%BF%97_(%E5%9B%9B%E5%BA%AB%E5%85%A8%E6%9B%B8%E6%9C%AC)/%E5%8D%B7098,本行巡司/烽堠仅为文献列于该防区，非正式隶属或实证传警线,
ZJ-MAP-0335,浒山,烽堠,绍兴府,临山卫,三山所,三山所,浙江都指挥使司 > 绍兴府 > 临山卫 > 三山所 > 浒山,,unlocated,,,,,,《浙江通志》卷九十八〈海防四·绍兴府〉,https://zh.wikisource.org/wiki/%E6%B5%99%E6%B1%9F%E9%80%9A%E5%BF%97_(%E5%9B%9B%E5%BA%AB%E5%85%A8%E6%9B%B8%E6%9C%AC)/%E5%8D%B7098,本行巡司/烽堠仅为文献列于该防区，非正式隶属或实证传警线,
ZJ-MAP-0336,眉山,烽堠,绍兴府,临山卫,三山所,三山所,浙江都指挥使司 > 绍兴府 > 临山卫 > 三山所 > 眉山,,unlocated,,,,,,《浙江通志》卷九十八〈海防四·绍兴府〉,https://zh.wikisource.org/wiki/%E6%B5%99%E6%B1%9F%E9%80%9A%E5%BF%97_(%E5%9B%9B%E5%BA%AB%E5%85%A8%E6%9B%B8%E6%9C%AC)/%E5%8D%B7098,本行巡司/烽堠仅为文献列于该防区，非正式隶属或实证传警线,
ZJ-MAP-0337,胡家池,烽堠,绍兴府,临山卫,沥海所,沥海所,浙江都指挥使司 > 绍兴府 > 临山卫 > 沥海所 > 胡家池,,unlocated,,,,,,《浙江通志》卷九十八〈海防四·绍兴府〉,https://zh.wikisource.org/wiki/%E6%B5%99%E6%B1%9F%E9%80%9A%E5%BF%97_(%E5%9B%9B%E5%BA%AB%E5%85%A8%E6%9B%B8%E6%9C%AC)/%E5%8D%B7098,本行巡司/烽堠仅为文献列于该防区，非正式隶属或实证传警线,
ZJ-MAP-0338,荷花池,烽堠,绍兴府,临山卫,,临山卫,浙江都指挥使司 > 绍兴府 > 临山卫 > 荷花池,,unlocated,,,,,,《浙江通志》卷九十八〈海防四·绍兴府〉；《明史》卷九十〈浙江都司〉,https://zh.wikisource.org/wiki/%E6%B5%99%E6%B1%9F%E9%80%9A%E5%BF%97_(%E5%9B%9B%E5%BA%AB%E5%85%A8%E6%9B%B8%E6%9C%AC)/%E5%8D%B7098,本行巡司/烽堠仅为文献列于该防区，非正式隶属或实证传警线,
ZJ-MAP-0339,蔡山,烽堠,绍兴府,临山卫,三山所,三山所,浙江都指挥使司 > 绍兴府 > 临山卫 > 三山所 > 蔡山,,confirmed,30.16006,121.329349,蔡山烽火台,ZJ-NB-CX-0004,匡堰镇樟树村蔡山,《浙江通志》卷九十八〈海防四·绍兴府〉,https://zh.wikisource.org/wiki/%E6%B5%99%E6%B1%9F%E9%80%9A%E5%BF%97_(%E5%9B%9B%E5%BA%AB%E5%85%A8%E6%9B%B8%E6%9C%AC)/%E5%8D%B7098,本行巡司/烽堠仅为文献列于该防区，非正式隶属或实证传警线,
ZJ-MAP-0340,赵港,烽堠,绍兴府,临山卫,,临山卫,浙江都指挥使司 > 绍兴府 > 临山卫 > 赵港,,unlocated,,,,,,《浙江通志》卷九十八〈海防四·绍兴府〉；《明史》卷九十〈浙江都司〉,https://zh.wikisource.org/wiki/%E6%B5%99%E6%B1%9F%E9%80%9A%E5%BF%97_(%E5%9B%9B%E5%BA%AB%E5%85%A8%E6%9B%B8%E6%9C%AC)/%E5%8D%B7098,本行巡司/烽堠仅为文献列于该防区，非正式隶属或实证传警线,
ZJ-MAP-0341,道塘,烽堠,绍兴府,临山卫,,临山卫,浙江都指挥使司 > 绍兴府 > 临山卫 > 道塘,,unlocated,,,,,,《浙江通志》卷九十八〈海防四·绍兴府〉；《明史》卷九十〈浙江都司〉,https://zh.wikisource.org/wiki/%E6%B5%99%E6%B1%9F%E9%80%9A%E5%BF%97_(%E5%9B%9B%E5%BA%AB%E5%85%A8%E6%9B%B8%E6%9C%AC)/%E5%8D%B7098,本行巡司/烽堠仅为文献列于该防区，非正式隶属或实证传警线,
ZJ-MAP-0342,乌峰山,烽堠,绍兴府,绍兴卫,三江所,三江所,浙江都指挥使司 > 绍兴府 > 绍兴卫 > 三江所 > 乌峰山,,unlocated,,,,,,《浙江通志》卷九十八〈海防四·绍兴府〉,https://zh.wikisource.org/wiki/%E6%B5%99%E6%B1%9F%E9%80%9A%E5%BF%97_(%E5%9B%9B%E5%BA%AB%E5%85%A8%E6%9B%B8%E6%9C%AC)/%E5%8D%B7098,本行巡司/烽堠仅为文献列于该防区，非正式隶属或实证传警线,
ZJ-MAP-0343,周家墩,烽堠,绍兴府,绍兴卫,三江所,三江所,浙江都指挥使司 > 绍兴府 > 绍兴卫 > 三江所 > 周家墩,,unlocated,,,,,,《浙江通志》卷九十八〈海防四·绍兴府〉,https://zh.wikisource.org/wiki/%E6%B5%99%E6%B1%9F%E9%80%9A%E5%BF%97_(%E5%9B%9B%E5%BA%AB%E5%85%A8%E6%9B%B8%E6%9C%AC)/%E5%8D%B7098,本行巡司/烽堠仅为文献列于该防区，非正式隶属或实证传警线,
ZJ-MAP-0344,宋家漊,烽堠,绍兴府,绍兴卫,三江所,三江所,浙江都指挥使司 > 绍兴府 > 绍兴卫 > 三江所 > 宋家漊,,unlocated,,,,,,《浙江通志》卷九十八〈海防四·绍兴府〉,https://zh.wikisource.org/wiki/%E6%B5%99%E6%B1%9F%E9%80%9A%E5%BF%97_(%E5%9B%9B%E5%BA%AB%E5%85%A8%E6%9B%B8%E6%9C%AC)/%E5%8D%B7098,本行巡司/烽堠仅为文献列于该防区，非正式隶属或实证传警线,
ZJ-MAP-0345,桑盆,烽堠,绍兴府,绍兴卫,三江所,三江所,浙江都指挥使司 > 绍兴府 > 绍兴卫 > 三江所 > 桑盆,,unlocated,,,,,,《浙江通志》卷九十八〈海防四·绍兴府〉,https://zh.wikisource.org/wiki/%E6%B5%99%E6%B1%9F%E9%80%9A%E5%BF%97_(%E5%9B%9B%E5%BA%AB%E5%85%A8%E6%9B%B8%E6%9C%AC)/%E5%8D%B7098,本行巡司/烽堠仅为文献列于该防区，非正式隶属或实证传警线,
ZJ-MAP-0346,航坞山,烽堠,绍兴府,绍兴卫,三江所,三江所,浙江都指挥使司 > 绍兴府 > 绍兴卫 > 三江所 > 航坞山,,unlocated,,,,,,《浙江通志》卷九十八〈海防四·绍兴府〉,https://zh.wikisource.org/wiki/%E6%B5%99%E6%B1%9F%E9%80%9A%E5%BF%97_(%E5%9B%9B%E5%BA%AB%E5%85%A8%E6%9B%B8%E6%9C%AC)/%E5%8D%B7098,本行巡司/烽堠仅为文献列于该防区，非正式隶属或实证传警线,
ZJ-MAP-0347,马鞍山,烽堠,绍兴府,绍兴卫,三江所,三江所,浙江都指挥使司 > 绍兴府 > 绍兴卫 > 三江所 > 马鞍山,,unlocated,,,,,,《浙江通志》卷九十八〈海防四·绍兴府〉,https://zh.wikisource.org/wiki/%E6%B5%99%E6%B1%9F%E9%80%9A%E5%BF%97_(%E5%9B%9B%E5%BA%AB%E5%85%A8%E6%9B%B8%E6%9C%AC)/%E5%8D%B7098,本行巡司/烽堠仅为文献列于该防区，非正式隶属或实证传警线,
